2026-01-28 17:40:05,312 [INFO] Логирование запущено, файл: /home/ivanov/projects/selenium/logs/kontur-20260128-174005.log
2026-01-28 17:40:05,313 [INFO] Запрашиваем список ИНН из Supabase (https://jnjngpeyqfmhtrmmeizy.supabase.co/rest/v1/inn_diadok?select=*)
2026-01-28 17:40:05,932 [INFO] Получено 9 ИНН для обработки.
2026-01-28 17:40:05,935 [INFO] Запуск Chrome-драйвера (headless=False).
2026-01-28 17:40:06,076 [INFO] Chromedriver не указан, скачиваем через webdriver-manager.
2026-01-28 17:40:07,156 [INFO] Chrome-драйвер готов. Каталог загрузок: /home/ivanov/projects/selenium/downloads
2026-01-28 17:40:07,157 [INFO] Открываем страницу авторизации https://auth.kontur.ru/?customize=diadoc&back=https%3A%2F%2Fdiadoc.kontur.ru%2F
2026-01-28 17:40:14,669 [INFO] Выполняем вход в аккаунт.
2026-01-28 17:40:19,809 [INFO] Авторизация завершена, ожидаем страницу выбора ящика.
2026-01-28 17:40:21,732 [INFO] Страница выбора ящика загружена: https://diadoc.kontur.ru/Box/Selection
2026-01-28 17:40:21,733 [INFO] Начинаем обработку 9 ИНН.
2026-01-28 17:40:21,734 [INFO] Открываем карточку ИНН 2635229446
2026-01-28 17:40:26,295 [INFO] Карточка ИНН 2635229446 открыта, начинаем обработку документов.
2026-01-28 17:40:26,296 [INFO] Начинаем обработку документов для ИНН 2635229446
2026-01-28 17:40:26,352 [INFO] Применяем фильтр 'за месяц' для ИНН 2635229446
2026-01-28 17:40:26,352 [INFO] Пробуем применить период через диалог 'Фильтры'.
2026-01-28 17:40:26,352 [INFO] Открываем диалог фильтров документов.
2026-01-28 17:40:26,599 [INFO] Клик по кнопке 'Фильтры'.
2026-01-28 17:40:26,867 [INFO] Открываем селект типа даты.
2026-01-28 17:40:26,867 [INFO] Выбираем пункт меню: Получения
2026-01-28 17:40:27,145 [INFO] Ищем радиокнопку: Период
2026-01-28 17:40:27,303 [INFO] Радиокнопка выбрана: Период
2026-01-28 17:40:27,303 [INFO] Выбрана радиокнопка 'Период'.
2026-01-28 17:40:27,495 [INFO] Открываем список периодов.
2026-01-28 17:40:27,495 [INFO] Выбираем период: месяц.
2026-01-28 17:40:27,496 [INFO] Выбираем опцию периода 'Месяц'.
2026-01-28 17:40:27,606 [INFO] Найдена опция периода: За месяц
2026-01-28 17:40:27,756 [INFO] Применяем выбранные фильтры.
2026-01-28 17:40:27,990 [INFO] Клик по кнопке 'Применить'.
2026-01-28 17:40:28,021 [INFO] Ожидаем появление списка документов.
2026-01-28 17:40:30,083 [INFO] Отображается 91 строк(и) документов на странице.
2026-01-28 17:40:30,083 [INFO] Начинаем разбор 91 строк документов для ИНН 2635229446.
2026-01-28 17:40:30,083 [INFO] Обрабатываем строку #1 для ИНН 2635229446
2026-01-28 17:40:30,339 [INFO] Наводим курсор на отправителя для тултипа.
2026-01-28 17:40:30,891 [INFO] Получено имя отправителя из подсказки: Общество с ограниченной ответственностью "Шанс"
2026-01-28 17:40:31,791 [INFO] Документ найден: id=377cbcf8-0ea8-4e5f-bec7-43640e5097c1, name=УПД №С53_343103 от 27.01.26, sender=Общество с ограниченной ответственностью "Шанс", date=2026-01-27, summ=None, summ_nds=53.0, status=False
2026-01-28 17:40:31,791 [INFO] Обрабатываем строку #2 для ИНН 2635229446
2026-01-28 17:40:32,051 [INFO] Наводим курсор на отправителя для тултипа.
2026-01-28 17:40:32,611 [INFO] Получено имя отправителя из подсказки: Общество с ограниченной ответственностью "Шанс"
2026-01-28 17:40:33,450 [INFO] Обрабатываем строку #3 для ИНН 2635229446
2026-01-28 17:40:33,674 [INFO] Наводим курсор на отправителя для тултипа.
2026-01-28 17:40:34,302 [INFO] Получено имя отправителя из подсказки: Лосев Андрей Валерьевич
2026-01-28 17:40:35,160 [INFO] Документ найден: id=a17a0cbb-30b3-4764-8eae-90f463dc95c2, name=Счет на оплату № 14 от 26 января 2026 г.pdf, sender=Лосев Андрей Валерьевич, date=2026-01-26, summ=None, summ_nds=None, status=False
2026-01-28 17:40:35,626 [INFO] Документ найден: id=009801b9-9b10-4b17-a93f-91f8da0f0225, name=Договор Найм скан docx (1).pdf, sender=Лосев Андрей Валерьевич, date=2026-01-26, summ=None, summ_nds=None, status=True
2026-01-28 17:40:35,626 [INFO] Обрабатываем строку #4 для ИНН 2635229446
2026-01-28 17:40:35,868 [INFO] Наводим курсор на отправителя для тултипа.
2026-01-28 17:40:36,377 [INFO] Получено имя отправителя из подсказки: Лосев Андрей Валерьевич
2026-01-28 17:40:37,224 [INFO] Обрабатываем строку #5 для ИНН 2635229446
2026-01-28 17:40:38,165 [INFO] Документ найден: id=009801b9-9b10-4b17-a93f-91f8da0f0225, name=Договор Найм скан docx (1).pdf, sender=, date=2026-01-26, summ=None, summ_nds=None, status=True
2026-01-28 17:40:38,165 [INFO] Обрабатываем строку #6 для ИНН 2635229446
2026-01-28 17:40:38,421 [INFO] Наводим курсор на отправителя для тултипа.
2026-01-28 17:40:38,971 [INFO] Получено имя отправителя из подсказки: Кайсарова Мария Ильинична
2026-01-28 17:40:39,854 [INFO] Документ найден: id=620c9172-a251-42c5-922d-9b46b72f528f, name=Акт №116 от 14.01.26, sender=Кайсарова Мария Ильинична, date=2026-01-26, summ=None, summ_nds=None, status=True
2026-01-28 17:40:39,854 [INFO] Обрабатываем строку #7 для ИНН 2635229446
2026-01-28 17:40:40,068 [INFO] Наводим курсор на отправителя для тултипа.
2026-01-28 17:40:40,586 [INFO] Получено имя отправителя из подсказки: Кайсарова Мария Ильинична
2026-01-28 17:40:41,673 [INFO] Обрабатываем строку #8 для ИНН 2635229446
2026-01-28 17:40:41,899 [INFO] Наводим курсор на отправителя для тултипа.
2026-01-28 17:40:42,484 [INFO] Получено имя отправителя из подсказки: Общество с ограниченной ответственностью "ИСТ-ВЕСТ ЛОДЖИСТИКС"
2026-01-28 17:40:43,538 [INFO] Документ найден: id=a6855321-4051-480f-9d75-41c6b7e3314d, name=УПД №1000043647 от 26.01.26, sender=Общество с ограниченной ответственностью "ИСТ-ВЕСТ ЛОДЖИСТИКС", date=2026-01-26, summ=None, summ_nds=1000043647.0, status=False
2026-01-28 17:40:43,538 [INFO] Обрабатываем строку #9 для ИНН 2635229446
2026-01-28 17:40:43,761 [INFO] Наводим курсор на отправителя для тултипа.
2026-01-28 17:40:44,274 [INFO] Получено имя отправителя из подсказки: Общество с ограниченной ответственностью "ИСТ-ВЕСТ ЛОДЖИСТИКС"
2026-01-28 17:40:45,282 [INFO] Обрабатываем строку #10 для ИНН 2635229446
2026-01-28 17:40:45,507 [INFO] Наводим курсор на отправителя для тултипа.
2026-01-28 17:40:46,082 [INFO] Получено имя отправителя из подсказки: Общество с ограниченной ответственностью "Ставрополь-2"
2026-01-28 17:40:47,125 [INFO] Документ найден: id=d9d17a3b-b810-47e7-8bcb-03b7bb062aa3, name=Doc1.docx, sender=Общество с ограниченной ответственностью "Ставрополь-2", date=2026-01-25, summ=None, summ_nds=None, status=False
2026-01-28 17:40:47,125 [INFO] Обрабатываем строку #11 для ИНН 2635229446
2026-01-28 17:40:47,353 [INFO] Наводим курсор на отправителя для тултипа.
2026-01-28 17:40:47,933 [INFO] Получено имя отправителя из подсказки: Общество с ограниченной ответственностью "Ставрополь-2"
2026-01-28 17:40:48,798 [INFO] Обрабатываем строку #12 для ИНН 2635229446
2026-01-28 17:40:49,015 [INFO] Наводим курсор на отправителя для тултипа.
2026-01-28 17:40:49,584 [INFO] Получено имя отправителя из подсказки: Общество с ограниченной ответственностью "ИНТЕРНЕТ РЕШЕНИЯ"
2026-01-28 17:40:50,715 [INFO] Документ найден: id=c2d79d7a-e1c7-4593-8138-6dc1ef53c895, name=Акт сверки 64380.XLS, sender=Общество с ограниченной ответственностью "ИНТЕРНЕТ РЕШЕНИЯ", date=2026-01-24, summ=None, summ_nds=None, status=False
2026-01-28 17:40:50,715 [INFO] Обрабатываем строку #13 для ИНН 2635229446
2026-01-28 17:40:50,933 [INFO] Наводим курсор на отправителя для тултипа.
2026-01-28 17:40:51,446 [INFO] Получено имя отправителя из подсказки: Общество с ограниченной ответственностью "ИНТЕРНЕТ РЕШЕНИЯ"
2026-01-28 17:40:52,499 [INFO] Обрабатываем строку #14 для ИНН 2635229446
2026-01-28 17:40:52,758 [INFO] Наводим курсор на отправителя для тултипа.
2026-01-28 17:40:53,320 [INFO] Получено имя отправителя из подсказки: Зархош-Оглы Баги Хизирович
2026-01-28 17:40:54,057 [INFO] Документ найден: id=5d6599fb-6282-4ce0-a030-d3614f78ba10, name=Счет на оплату № 63 от 20 января 2026 г.pdf, sender=Зархош-Оглы Баги Хизирович, date=2026-01-23, summ=None, summ_nds=None, status=True
2026-01-28 17:40:54,528 [INFO] Документ найден: id=6707d362-76cf-4663-8506-18206fbd8f40, name=УПД №74 от 23 января 2026 г.pdf, sender=Зархош-Оглы Баги Хизирович, date=2026-01-23, summ=None, summ_nds=None, status=True
2026-01-28 17:40:54,948 [INFO] Документ найден: id=065d8c3f-e2f4-4252-b6c8-76921c2a3735, name=Счет на оплату № 74 от 23 января 2026 г.pdf, sender=Зархош-Оглы Баги Хизирович, date=2026-01-23, summ=None, summ_nds=None, status=True
2026-01-28 17:40:55,464 [INFO] Документ найден: id=42992f1a-1d57-4e1c-9ae4-3ed61c29f534, name=УПД №63 от 20 января 2026 г.pdf, sender=Зархош-Оглы Баги Хизирович, date=2026-01-23, summ=None, summ_nds=None, status=True
2026-01-28 17:40:55,465 [INFO] Обрабатываем строку #15 для ИНН 2635229446
2026-01-28 17:40:55,713 [INFO] Наводим курсор на отправителя для тултипа.
2026-01-28 17:40:56,276 [INFO] Получено имя отправителя из подсказки: Зархош-Оглы Баги Хизирович
2026-01-28 17:40:57,223 [INFO] Обрабатываем строку #16 для ИНН 2635229446
2026-01-28 17:40:58,116 [INFO] Документ найден: id=6707d362-76cf-4663-8506-18206fbd8f40, name=УПД №74 от 23 января 2026 г.pdf, sender=, date=2026-01-23, summ=None, summ_nds=None, status=True
2026-01-28 17:40:58,116 [INFO] Обрабатываем строку #17 для ИНН 2635229446
2026-01-28 17:40:58,901 [INFO] Документ найден: id=065d8c3f-e2f4-4252-b6c8-76921c2a3735, name=Счет на оплату № 74 от 23 января 2026 г.pdf, sender=, date=2026-01-23, summ=None, summ_nds=None, status=True
2026-01-28 17:40:58,901 [INFO] Обрабатываем строку #18 для ИНН 2635229446
2026-01-28 17:40:59,723 [INFO] Документ найден: id=42992f1a-1d57-4e1c-9ae4-3ed61c29f534, name=УПД №63 от 20 января 2026 г.pdf, sender=, date=2026-01-23, summ=None, summ_nds=None, status=True
2026-01-28 17:40:59,723 [INFO] Обрабатываем строку #19 для ИНН 2635229446
2026-01-28 17:40:59,925 [INFO] Наводим курсор на отправителя для тултипа.
2026-01-28 17:41:00,480 [INFO] Получено имя отправителя из подсказки: Общество с ограниченной ответственностью "ИСТ-ВЕСТ ЛОДЖИСТИКС"
2026-01-28 17:41:01,183 [INFO] Документ найден: id=3d2454d6-51fd-4745-a67a-b1e80382102e, name=УПД №1000038744 от 23.01.26, sender=Общество с ограниченной ответственностью "ИСТ-ВЕСТ ЛОДЖИСТИКС", date=2026-01-23, summ=None, summ_nds=1000038744.0, status=True
2026-01-28 17:41:01,183 [INFO] Обрабатываем строку #20 для ИНН 2635229446
2026-01-28 17:41:01,402 [INFO] Наводим курсор на отправителя для тултипа.
2026-01-28 17:41:01,942 [INFO] Получено имя отправителя из подсказки: Общество с ограниченной ответственностью "ИСТ-ВЕСТ ЛОДЖИСТИКС"
2026-01-28 17:41:02,695 [INFO] Обрабатываем строку #21 для ИНН 2635229446
2026-01-28 17:41:02,939 [INFO] Наводим курсор на отправителя для тултипа.
2026-01-28 17:41:03,545 [INFO] Получено имя отправителя из подсказки: Общество с ограниченной ответственностью "Деловые Линии"
2026-01-28 17:41:04,926 [INFO] Документ найден: id=9d40d2a2-eab1-400a-b0d7-d1d8af4ff332, name=УПД №1002340/0001 от 22.01.26, sender=Общество с ограниченной ответственностью "Деловые Линии", date=2026-01-23, summ=None, summ_nds=1002340.0, status=False
2026-01-28 17:41:04,926 [INFO] Обрабатываем строку #22 для ИНН 2635229446
2026-01-28 17:41:05,140 [INFO] Наводим курсор на отправителя для тултипа.
2026-01-28 17:41:05,706 [INFO] Получено имя отправителя из подсказки: Общество с ограниченной ответственностью "Деловые Линии"
2026-01-28 17:41:06,605 [INFO] Обрабатываем строку #23 для ИНН 2635229446
2026-01-28 17:41:06,825 [INFO] Наводим курсор на отправителя для тултипа.
2026-01-28 17:41:07,368 [INFO] Получено имя отправителя из подсказки: Педашенко Александр Алексеевич
2026-01-28 17:41:08,364 [INFO] Документ найден: id=b6a88e0c-311b-4096-a78e-0d1b22febc30, name=Schet na oplatu 21 22.01.2026 (22.01.2026 131024).xml, sender=Педашенко Александр Алексеевич, date=2026-01-22, summ=None, summ_nds=None, status=False
2026-01-28 17:41:08,364 [INFO] Обрабатываем строку #24 для ИНН 2635229446
2026-01-28 17:41:08,593 [INFO] Наводим курсор на отправителя для тултипа.
2026-01-28 17:41:09,110 [INFO] Получено имя отправителя из подсказки: Педашенко Александр Алексеевич
2026-01-28 17:41:09,954 [INFO] Обрабатываем строку #25 для ИНН 2635229446
2026-01-28 17:41:10,242 [INFO] Наводим курсор на отправителя для тултипа.
2026-01-28 17:41:10,791 [INFO] Получено имя отправителя из подсказки: Акционерное общество "Мобильные Видеорешения"
2026-01-28 17:41:12,018 [INFO] Документ найден: id=610cccb3-534c-4593-b1d6-829324669a78, name=Акт сверки №3721 от 21.01.26, sender=Акционерное общество "Мобильные Видеорешения", date=2026-01-22, summ=None, summ_nds=None, status=False
2026-01-28 17:41:12,019 [INFO] Обрабатываем строку #26 для ИНН 2635229446
2026-01-28 17:41:12,272 [INFO] Наводим курсор на отправителя для тултипа.
2026-01-28 17:41:12,779 [INFO] Получено имя отправителя из подсказки: Акционерное общество "Мобильные Видеорешения"
2026-01-28 17:41:13,620 [INFO] Обрабатываем строку #27 для ИНН 2635229446
2026-01-28 17:41:13,869 [INFO] Наводим курсор на отправителя для тултипа.
2026-01-28 17:41:14,397 [INFO] Получено имя отправителя из подсказки: Силютин Сергей Юрьевич
2026-01-28 17:41:15,187 [INFO] Документ найден: id=dba27f5a-f581-49ed-b4e5-16f58c21a05a, name=1Додо.pdf, sender=Силютин Сергей Юрьевич, date=2026-01-21, summ=None, summ_nds=None, status=True
2026-01-28 17:41:15,187 [INFO] Обрабатываем строку #28 для ИНН 2635229446
2026-01-28 17:41:15,431 [INFO] Наводим курсор на отправителя для тултипа.
2026-01-28 17:41:15,987 [INFO] Получено имя отправителя из подсказки: Силютин Сергей Юрьевич
2026-01-28 17:41:16,896 [INFO] Обрабатываем строку #29 для ИНН 2635229446
2026-01-28 17:41:17,135 [INFO] Наводим курсор на отправителя для тултипа.
2026-01-28 17:41:17,665 [INFO] Получено имя отправителя из подсказки: Силютин Сергей Юрьевич
2026-01-28 17:41:18,654 [INFO] Документ найден: id=71bbf774-f608-4cc5-918c-8786c54404a1, name=1Додо.pdf, sender=Силютин Сергей Юрьевич, date=2026-01-21, summ=None, summ_nds=None, status=False
2026-01-28 17:41:18,654 [INFO] Обрабатываем строку #30 для ИНН 2635229446
2026-01-28 17:41:18,898 [INFO] Наводим курсор на отправителя для тултипа.
2026-01-28 17:41:19,427 [INFO] Получено имя отправителя из подсказки: Силютин Сергей Юрьевич
2026-01-28 17:41:20,408 [INFO] Обрабатываем строку #31 для ИНН 2635229446
2026-01-28 17:41:20,652 [INFO] Наводим курсор на отправителя для тултипа.
2026-01-28 17:41:21,279 [INFO] Получено имя отправителя из подсказки: Силютин Сергей Юрьевич
2026-01-28 17:41:22,380 [INFO] Документ найден: id=9527db74-94ba-47fa-9e0a-4324e64e3df8, name=Счет Аванс Додо.pdf, sender=Силютин Сергей Юрьевич, date=2026-01-21, summ=None, summ_nds=None, status=False
2026-01-28 17:41:22,380 [INFO] Обрабатываем строку #32 для ИНН 2635229446
2026-01-28 17:41:22,644 [INFO] Наводим курсор на отправителя для тултипа.
2026-01-28 17:41:23,019 [INFO] Получено имя отправителя из подсказки: Силютин Сергей Юрьевич
2026-01-28 17:41:24,110 [INFO] Обрабатываем строку #33 для ИНН 2635229446
2026-01-28 17:41:24,336 [INFO] Наводим курсор на отправителя для тултипа.
2026-01-28 17:41:24,853 [INFO] Получено имя отправителя из подсказки: Силютин Сергей Юрьевич
2026-01-28 17:41:25,717 [INFO] Документ найден: id=9e6edb14-10c5-4d2f-b85f-1b2390a3e21c, name=Додо Ноябрь2025.pdf, sender=Силютин Сергей Юрьевич, date=2026-01-21, summ=None, summ_nds=None, status=False
2026-01-28 17:41:25,717 [INFO] Обрабатываем строку #34 для ИНН 2635229446
2026-01-28 17:41:25,923 [INFO] Наводим курсор на отправителя для тултипа.
2026-01-28 17:41:26,488 [INFO] Получено имя отправителя из подсказки: Силютин Сергей Юрьевич
2026-01-28 17:41:27,314 [INFO] Обрабатываем строку #35 для ИНН 2635229446
2026-01-28 17:41:27,542 [INFO] Наводим курсор на отправителя для тултипа.
2026-01-28 17:41:28,064 [INFO] Получено имя отправителя из подсказки: Общество с ограниченной ответственностью "Деловые Линии"
2026-01-28 17:41:28,887 [INFO] Документ найден: id=dae33162-9493-4bc0-a960-dbec7007c239, name=Акт сверки №106732559 от 12.01.26, sender=Общество с ограниченной ответственностью "Деловые Линии", date=2026-01-21, summ=None, summ_nds=None, status=False
2026-01-28 17:41:28,887 [INFO] Обрабатываем строку #36 для ИНН 2635229446
2026-01-28 17:41:29,107 [INFO] Наводим курсор на отправителя для тултипа.
2026-01-28 17:41:29,702 [INFO] Получено имя отправителя из подсказки: Общество с ограниченной ответственностью "Деловые Линии"
2026-01-28 17:41:30,536 [INFO] Обрабатываем строку #37 для ИНН 2635229446
2026-01-28 17:41:30,774 [INFO] Наводим курсор на отправителя для тултипа.
2026-01-28 17:41:31,320 [INFO] Получено имя отправителя из подсказки: Общество с ограниченной ответственностью "КЕХ еКоммерц"
2026-01-28 17:41:32,367 [INFO] Документ найден: id=62d7d148-6847-405e-8791-363e53e27b8d, name=Акт сверки №423625, sender=Общество с ограниченной ответственностью "КЕХ еКоммерц", date=2026-01-20, summ=None, summ_nds=None, status=False
2026-01-28 17:41:32,367 [INFO] Обрабатываем строку #38 для ИНН 2635229446
2026-01-28 17:41:32,622 [INFO] Наводим курсор на отправителя для тултипа.
2026-01-28 17:41:33,160 [INFO] Получено имя отправителя из подсказки: Общество с ограниченной ответственностью "КЕХ еКоммерц"
2026-01-28 17:41:34,083 [INFO] Обрабатываем строку #39 для ИНН 2635229446
2026-01-28 17:41:34,332 [INFO] Наводим курсор на отправителя для тултипа.
2026-01-28 17:41:34,947 [INFO] Получено имя отправителя из подсказки: Общество с ограниченной ответственностью "Шанс"
2026-01-28 17:41:35,831 [INFO] Документ найден: id=a2f4afd4-0c39-4a87-9cef-61b421d0566b, name=УПД №С53_341854 от 20.01.26, sender=Общество с ограниченной ответственностью "Шанс", date=2026-01-20, summ=None, summ_nds=53.0, status=False
2026-01-28 17:41:35,832 [INFO] Обрабатываем строку #40 для ИНН 2635229446
2026-01-28 17:41:36,052 [INFO] Наводим курсор на отправителя для тултипа.
2026-01-28 17:41:36,636 [INFO] Получено имя отправителя из подсказки: Общество с ограниченной ответственностью "Шанс"
2026-01-28 17:41:37,351 [INFO] Обрабатываем строку #41 для ИНН 2635229446
2026-01-28 17:41:37,573 [INFO] Наводим курсор на отправителя для тултипа.
2026-01-28 17:41:38,109 [INFO] Получено имя отправителя из подсказки: Общество с ограниченной ответственностью "ИСТ-ВЕСТ ЛОДЖИСТИКС"
2026-01-28 17:41:38,819 [INFO] Документ найден: id=96863ced-dd23-46c8-b343-92856bf1e2fc, name=УПД №1000030611 от 19.01.26, sender=Общество с ограниченной ответственностью "ИСТ-ВЕСТ ЛОДЖИСТИКС", date=2026-01-19, summ=None, summ_nds=1000030611.0, status=True
2026-01-28 17:41:38,819 [INFO] Обрабатываем строку #42 для ИНН 2635229446
2026-01-28 17:41:39,042 [INFO] Наводим курсор на отправителя для тултипа.
2026-01-28 17:41:39,553 [INFO] Получено имя отправителя из подсказки: Общество с ограниченной ответственностью "ИСТ-ВЕСТ ЛОДЖИСТИКС"
2026-01-28 17:41:40,821 [INFO] Обрабатываем строку #43 для ИНН 2635229446
2026-01-28 17:41:41,073 [INFO] Наводим курсор на отправителя для тултипа.
2026-01-28 17:41:41,637 [INFO] Получено имя отправителя из подсказки: Биджева Умукусюм Магомедовна
2026-01-28 17:41:42,603 [INFO] Документ найден: id=754f4fe6-5160-4c80-8740-38abb5784427, name=Счет №9 от 29.12.25, sender=Биджева Умукусюм Магомедовна, date=2026-01-19, summ=None, summ_nds=None, status=False
2026-01-28 17:41:43,140 [INFO] Документ найден: id=52d95260-4183-40c2-b8ae-c5959f8c7616, name=Акт №9 от 29.12.25, sender=Биджева Умукусюм Магомедовна, date=2026-01-19, summ=None, summ_nds=None, status=True
2026-01-28 17:41:43,140 [INFO] Обрабатываем строку #44 для ИНН 2635229446
2026-01-28 17:41:43,404 [INFO] Наводим курсор на отправителя для тултипа.
2026-01-28 17:41:43,921 [INFO] Получено имя отправителя из подсказки: Биджева Умукусюм Магомедовна
2026-01-28 17:41:44,865 [INFO] Обрабатываем строку #45 для ИНН 2635229446
2026-01-28 17:41:45,956 [INFO] Документ найден: id=52d95260-4183-40c2-b8ae-c5959f8c7616, name=Акт №9 от 29.12.25, sender=, date=2026-01-19, summ=None, summ_nds=None, status=True
2026-01-28 17:41:45,956 [INFO] Обрабатываем строку #46 для ИНН 2635229446
2026-01-28 17:41:46,224 [INFO] Наводим курсор на отправителя для тултипа.
2026-01-28 17:41:46,752 [INFO] Получено имя отправителя из подсказки: Зархош-Оглы Баги Хизирович
2026-01-28 17:41:47,712 [INFO] Документ найден: id=4bcc0aeb-1c08-499e-9b10-b8d171b1e996, name=УПД №51 от 16 января 2026 г.pdf, sender=Зархош-Оглы Баги Хизирович, date=2026-01-19, summ=None, summ_nds=None, status=True
2026-01-28 17:41:48,260 [INFO] Документ найден: id=13189166-e752-47cd-add1-11e5a0cbdab2, name=Счет на оплату № 51 от 16 января 2026 г.pdf, sender=Зархош-Оглы Баги Хизирович, date=2026-01-19, summ=None, summ_nds=None, status=True
2026-01-28 17:41:48,260 [INFO] Обрабатываем строку #47 для ИНН 2635229446
2026-01-28 17:41:48,519 [INFO] Наводим курсор на отправителя для тултипа.
2026-01-28 17:41:49,034 [INFO] Получено имя отправителя из подсказки: Зархош-Оглы Баги Хизирович
2026-01-28 17:41:49,947 [INFO] Обрабатываем строку #48 для ИНН 2635229446
2026-01-28 17:41:50,998 [INFO] Документ найден: id=13189166-e752-47cd-add1-11e5a0cbdab2, name=Счет на оплату № 51 от 16 января 2026 г.pdf, sender=, date=2026-01-19, summ=None, summ_nds=None, status=True
2026-01-28 17:41:50,999 [INFO] Обрабатываем строку #49 для ИНН 2635229446
2026-01-28 17:41:51,290 [INFO] Наводим курсор на отправителя для тултипа.
2026-01-28 17:41:51,820 [INFO] Получено имя отправителя из подсказки: Общество с ограниченной ответственностью "ВсеИнструменты.ру"
2026-01-28 17:41:52,717 [INFO] Документ найден: id=df4bbf90-2fc0-4c9d-bdb2-c985b46d4cb7, name=Акт сверки №224187 от 01.01.26, sender=Общество с ограниченной ответственностью "ВсеИнструменты.ру", date=2026-01-18, summ=None, summ_nds=None, status=False
2026-01-28 17:41:52,717 [INFO] Обрабатываем строку #50 для ИНН 2635229446
2026-01-28 17:41:52,825 [INFO] Наводим курсор на отправителя для тултипа.
2026-01-28 17:41:53,344 [INFO] Получено имя отправителя из подсказки: Общество с ограниченной ответственностью "ВсеИнструменты.ру"
2026-01-28 17:41:54,290 [INFO] Обрабатываем строку #51 для ИНН 2635229446
2026-01-28 17:41:54,564 [INFO] Наводим курсор на отправителя для тултипа.
2026-01-28 17:41:55,106 [INFO] Получено имя отправителя из подсказки: Старостин Сергей Владимирович
2026-01-28 17:41:55,995 [INFO] Документ найден: id=6e16a28b-02f7-4b75-afda-23de6028ea4e, name=Акт сверки №1296 от 15.01.26, sender=Старостин Сергей Владимирович, date=2026-01-16, summ=None, summ_nds=None, status=False
2026-01-28 17:41:55,996 [INFO] Обрабатываем строку #52 для ИНН 2635229446
2026-01-28 17:41:56,269 [INFO] Наводим курсор на отправителя для тултипа.
2026-01-28 17:41:56,783 [INFO] Получено имя отправителя из подсказки: Старостин Сергей Владимирович
2026-01-28 17:41:57,677 [INFO] Обрабатываем строку #53 для ИНН 2635229446
2026-01-28 17:41:57,923 [INFO] Наводим курсор на отправителя для тултипа.
2026-01-28 17:41:58,454 [INFO] Получено имя отправителя из подсказки: Общество с ограниченной ответственностью "ИСТ-ВЕСТ ЛОДЖИСТИКС"
2026-01-28 17:41:59,372 [INFO] Документ найден: id=166fa010-60de-4d8c-9f70-9fdbc6dadbe6, name=2000_1000005081_2635229446_01102025_31122025ООО _Додо Пицца Ставрополь-1_.pdf, sender=Общество с ограниченной ответственностью "ИСТ-ВЕСТ ЛОДЖИСТИКС", date=2026-01-16, summ=None, summ_nds=None, status=False
2026-01-28 17:41:59,372 [INFO] Обрабатываем строку #54 для ИНН 2635229446
2026-01-28 17:41:59,623 [INFO] Наводим курсор на отправителя для тултипа.
2026-01-28 17:42:00,139 [INFO] Получено имя отправителя из подсказки: Общество с ограниченной ответственностью "ИСТ-ВЕСТ ЛОДЖИСТИКС"
2026-01-28 17:42:01,044 [INFO] Обрабатываем строку #55 для ИНН 2635229446
2026-01-28 17:42:01,314 [INFO] Наводим курсор на отправителя для тултипа.
2026-01-28 17:42:01,844 [INFO] Получено имя отправителя из подсказки: Общество с ограниченной ответственностью "ИСТ-ВЕСТ ЛОДЖИСТИКС"
2026-01-28 17:42:02,626 [INFO] Документ найден: id=10a0e882-8d38-48f3-a411-d79364538f9f, name=УКД №1000021098 от 13.01.26, sender=Общество с ограниченной ответственностью "ИСТ-ВЕСТ ЛОДЖИСТИКС", date=2026-01-16, summ=None, summ_nds=1000021098.0, status=True
2026-01-28 17:42:02,626 [INFO] Обрабатываем строку #56 для ИНН 2635229446
2026-01-28 17:42:02,887 [INFO] Наводим курсор на отправителя для тултипа.
2026-01-28 17:42:03,400 [INFO] Получено имя отправителя из подсказки: Общество с ограниченной ответственностью "ИСТ-ВЕСТ ЛОДЖИСТИКС"
2026-01-28 17:42:04,170 [INFO] Обрабатываем строку #57 для ИНН 2635229446
2026-01-28 17:42:04,414 [INFO] Наводим курсор на отправителя для тултипа.
2026-01-28 17:42:04,943 [INFO] Получено имя отправителя из подсказки: Общество с ограниченной ответственностью "ИСТ-ВЕСТ ЛОДЖИСТИКС"
2026-01-28 17:42:05,718 [INFO] Документ найден: id=36250384-4125-42f1-8f14-757d0542a9cc, name=УПД №1000025764 от 16.01.26, sender=Общество с ограниченной ответственностью "ИСТ-ВЕСТ ЛОДЖИСТИКС", date=2026-01-16, summ=None, summ_nds=1000025764.0, status=True
2026-01-28 17:42:05,718 [INFO] Обрабатываем строку #58 для ИНН 2635229446
2026-01-28 17:42:06,005 [INFO] Наводим курсор на отправителя для тултипа.
2026-01-28 17:42:06,518 [INFO] Получено имя отправителя из подсказки: Общество с ограниченной ответственностью "ИСТ-ВЕСТ ЛОДЖИСТИКС"
2026-01-28 17:42:07,288 [INFO] Обрабатываем строку #59 для ИНН 2635229446
2026-01-28 17:42:07,558 [INFO] Наводим курсор на отправителя для тултипа.
2026-01-28 17:42:08,088 [INFO] Получено имя отправителя из подсказки: Зархош-Оглы Баги Хизирович
2026-01-28 17:42:09,005 [INFO] Документ найден: id=abb8d7f3-8144-4168-a63c-0716c5bb17fc, name=УПД №39 от 13 января 2026 г.pdf, sender=Зархош-Оглы Баги Хизирович, date=2026-01-15, summ=None, summ_nds=None, status=True
2026-01-28 17:42:09,550 [INFO] Документ найден: id=56404f83-12d3-418a-bffe-ec9be7155660, name=Счет на оплату № 39 от 13 января 2026 г.pdf, sender=Зархош-Оглы Баги Хизирович, date=2026-01-15, summ=None, summ_nds=None, status=True
2026-01-28 17:42:09,550 [INFO] Обрабатываем строку #60 для ИНН 2635229446
2026-01-28 17:42:09,802 [INFO] Наводим курсор на отправителя для тултипа.
2026-01-28 17:42:10,321 [INFO] Получено имя отправителя из подсказки: Зархош-Оглы Баги Хизирович
2026-01-28 17:42:11,268 [INFO] Обрабатываем строку #61 для ИНН 2635229446
2026-01-28 17:42:12,175 [INFO] Документ найден: id=56404f83-12d3-418a-bffe-ec9be7155660, name=Счет на оплату № 39 от 13 января 2026 г.pdf, sender=, date=2026-01-15, summ=None, summ_nds=None, status=True
2026-01-28 17:42:12,176 [INFO] Обрабатываем строку #62 для ИНН 2635229446
2026-01-28 17:42:12,512 [INFO] Наводим курсор на отправителя для тултипа.
2026-01-28 17:42:13,122 [INFO] Получено имя отправителя из подсказки: Желтышева Наталья Васильевна
2026-01-28 17:42:14,374 [INFO] Документ найден: id=9ba2b1c6-b9b8-42ea-bb86-a90db087ef1c, name=Счет_№343_26.12.2025_Ст-1.pdf, sender=Желтышева Наталья Васильевна, date=2026-01-14, summ=None, summ_nds=None, status=False
2026-01-28 17:42:14,374 [INFO] Обрабатываем строку #63 для ИНН 2635229446
2026-01-28 17:42:14,594 [INFO] Наводим курсор на отправителя для тултипа.
2026-01-28 17:42:15,135 [INFO] Получено имя отправителя из подсказки: Желтышева Наталья Васильевна
2026-01-28 17:42:16,021 [INFO] Обрабатываем строку #64 для ИНН 2635229446
2026-01-28 17:42:16,246 [INFO] Наводим курсор на отправителя для тултипа.
2026-01-28 17:42:16,771 [INFO] Получено имя отправителя из подсказки: Желтышева Наталья Васильевна
2026-01-28 17:42:17,593 [INFO] Документ найден: id=b5dffe31-8240-49d6-8f2f-c8acda577551, name=Акт №327-2025 от 26.12.25, sender=Желтышева Наталья Васильевна, date=2026-01-14, summ=None, summ_nds=327.0, status=True
2026-01-28 17:42:17,594 [INFO] Обрабатываем строку #65 для ИНН 2635229446
2026-01-28 17:42:17,814 [INFO] Наводим курсор на отправителя для тултипа.
2026-01-28 17:42:18,365 [INFO] Получено имя отправителя из подсказки: Желтышева Наталья Васильевна
2026-01-28 17:42:19,163 [INFO] Обрабатываем строку #66 для ИНН 2635229446
2026-01-28 17:42:19,386 [INFO] Наводим курсор на отправителя для тултипа.
2026-01-28 17:42:19,955 [INFO] Получено имя отправителя из подсказки: Акционерное общество "Мобильные Видеорешения"
2026-01-28 17:42:20,846 [INFO] Документ найден: id=7e0a28ad-703f-4525-a871-43ae16ab076f, name=УПД №64444 от 31.12.25, sender=Акционерное общество "Мобильные Видеорешения", date=2026-01-14, summ=None, summ_nds=None, status=False
2026-01-28 17:42:20,846 [INFO] Обрабатываем строку #67 для ИНН 2635229446
2026-01-28 17:42:21,069 [INFO] Наводим курсор на отправителя для тултипа.
2026-01-28 17:42:21,589 [INFO] Получено имя отправителя из подсказки: Акционерное общество "Мобильные Видеорешения"
2026-01-28 17:42:22,517 [INFO] Обрабатываем строку #68 для ИНН 2635229446
2026-01-28 17:42:22,753 [INFO] Наводим курсор на отправителя для тултипа.
2026-01-28 17:42:22,748 [INFO] Получено имя отправителя из подсказки: Общество с ограниченной ответственностью "Рабочие Руки"
2026-01-28 17:42:23,727 [INFO] Документ найден: id=17f67ad1-dd73-4d71-bebe-a5f9ccaddd52, name=Отчет агента от 31.12.25 №3525П.docx, sender=Общество с ограниченной ответственностью "Рабочие Руки", date=2026-01-13, summ=None, summ_nds=None, status=True
2026-01-28 17:42:24,178 [INFO] Документ найден: id=afb24097-767d-4fd7-be30-48fb89a93286, name=Приложение №1 к отчету агента от 31.12.25 №3525П.xlsx, sender=Общество с ограниченной ответственностью "Рабочие Руки", date=2026-01-13, summ=None, summ_nds=None, status=True
2026-01-28 17:42:24,685 [INFO] Документ найден: id=4b844522-70df-445d-9961-6bcf4b18d931, name=УПД №3525П от 31.12.25, sender=Общество с ограниченной ответственностью "Рабочие Руки", date=2026-01-13, summ=None, summ_nds=None, status=True
2026-01-28 17:42:24,685 [INFO] Обрабатываем строку #69 для ИНН 2635229446
2026-01-28 17:42:24,911 [INFO] Наводим курсор на отправителя для тултипа.
2026-01-28 17:42:25,424 [INFO] Получено имя отправителя из подсказки: Общество с ограниченной ответственностью "Рабочие Руки"
2026-01-28 17:42:26,246 [INFO] Обрабатываем строку #70 для ИНН 2635229446
2026-01-28 17:42:27,085 [INFO] Документ найден: id=afb24097-767d-4fd7-be30-48fb89a93286, name=Приложение №1 к отчету агента от 31.12.25 №3525П.xlsx, sender=, date=2026-01-13, summ=None, summ_nds=None, status=True
2026-01-28 17:42:27,085 [INFO] Обрабатываем строку #71 для ИНН 2635229446
2026-01-28 17:42:27,891 [INFO] Документ найден: id=4b844522-70df-445d-9961-6bcf4b18d931, name=УПД №3525П от 31.12.25, sender=, date=2026-01-13, summ=None, summ_nds=None, status=True
2026-01-28 17:42:27,891 [INFO] Обрабатываем строку #72 для ИНН 2635229446
2026-01-28 17:42:28,113 [INFO] Наводим курсор на отправителя для тултипа.
2026-01-28 17:42:28,671 [INFO] Получено имя отправителя из подсказки: Попов Евгений Янович
2026-01-28 17:42:29,572 [INFO] Документ найден: id=e2c11623-5205-43cf-b14d-6f303f1a80e0, name=Акт №37 от 01.01.26, sender=Попов Евгений Янович, date=2026-01-13, summ=None, summ_nds=None, status=True
2026-01-28 17:42:29,572 [INFO] Обрабатываем строку #73 для ИНН 2635229446
2026-01-28 17:42:29,797 [INFO] Наводим курсор на отправителя для тултипа.
2026-01-28 17:42:30,332 [INFO] Получено имя отправителя из подсказки: Попов Евгений Янович
2026-01-28 17:42:31,159 [INFO] Обрабатываем строку #74 для ИНН 2635229446
2026-01-28 17:42:31,398 [INFO] Наводим курсор на отправителя для тултипа.
2026-01-28 17:42:31,966 [INFO] Получено имя отправителя из подсказки: Общество с ограниченной ответственностью "Шанс"
2026-01-28 17:42:32,731 [INFO] Документ найден: id=083c2cbf-3193-4a17-9f1c-1d2cf99ae001, name=УПД №С53_340658 от 13.01.26, sender=Общество с ограниченной ответственностью "Шанс", date=2026-01-13, summ=None, summ_nds=53.0, status=True
2026-01-28 17:42:32,731 [INFO] Обрабатываем строку #75 для ИНН 2635229446
2026-01-28 17:42:32,959 [INFO] Наводим курсор на отправителя для тултипа.
2026-01-28 17:42:33,471 [INFO] Получено имя отправителя из подсказки: Общество с ограниченной ответственностью "Шанс"
2026-01-28 17:42:34,296 [INFO] Обрабатываем строку #76 для ИНН 2635229446
2026-01-28 17:42:34,531 [INFO] Наводим курсор на отправителя для тултипа.
2026-01-28 17:42:35,106 [INFO] Получено имя отправителя из подсказки: Общество с ограниченной ответственностью "КЕХ еКоммерц"
2026-01-28 17:42:35,827 [INFO] Документ найден: id=ce7e0bb1-85f3-4845-8f09-b9dd5d60f84d, name=УПД №12-1034743 от 31.12.25, sender=Общество с ограниченной ответственностью "КЕХ еКоммерц", date=2026-01-13, summ=None, summ_nds=12.0, status=False
2026-01-28 17:42:35,827 [INFO] Обрабатываем строку #77 для ИНН 2635229446
2026-01-28 17:42:36,048 [INFO] Наводим курсор на отправителя для тултипа.
2026-01-28 17:42:36,624 [INFO] Получено имя отправителя из подсказки: Общество с ограниченной ответственностью "КЕХ еКоммерц"
2026-01-28 17:42:37,461 [INFO] Обрабатываем строку #78 для ИНН 2635229446
2026-01-28 17:42:37,693 [INFO] Наводим курсор на отправителя для тултипа.
2026-01-28 17:42:38,258 [INFO] Получено имя отправителя из подсказки: Общество с ограниченной ответственностью "Деловые Линии"
2026-01-28 17:42:39,043 [INFO] Документ найден: id=1eb3c013-42e2-4583-849e-990aed384351, name=УПД №1221933/1262 от 12.01.26, sender=Общество с ограниченной ответственностью "Деловые Линии", date=2026-01-12, summ=None, summ_nds=1221933.0, status=True
2026-01-28 17:42:39,043 [INFO] Обрабатываем строку #79 для ИНН 2635229446
2026-01-28 17:42:39,263 [INFO] Наводим курсор на отправителя для тултипа.
2026-01-28 17:42:39,834 [INFO] Получено имя отправителя из подсказки: Общество с ограниченной ответственностью "Деловые Линии"
2026-01-28 17:42:40,700 [INFO] Обрабатываем строку #80 для ИНН 2635229446
2026-01-28 17:42:40,931 [INFO] Наводим курсор на отправителя для тултипа.
2026-01-28 17:42:41,502 [INFO] Получено имя отправителя из подсказки: Кайсарова Мария Ильинична
2026-01-28 17:42:42,423 [INFO] Документ найден: id=b7ba6c96-032c-4a8a-aaa7-e79d634b7277, name=Акт №100 от 25.12.25, sender=Кайсарова Мария Ильинична, date=2026-01-12, summ=None, summ_nds=None, status=True
2026-01-28 17:42:42,423 [INFO] Обрабатываем строку #81 для ИНН 2635229446
2026-01-28 17:42:42,661 [INFO] Наводим курсор на отправителя для тултипа.
2026-01-28 17:42:43,172 [INFO] Получено имя отправителя из подсказки: Кайсарова Мария Ильинична
2026-01-28 17:42:44,084 [INFO] Обрабатываем строку #82 для ИНН 2635229446
2026-01-28 17:42:44,315 [INFO] Наводим курсор на отправителя для тултипа.
2026-01-28 17:42:44,860 [INFO] Получено имя отправителя из подсказки: Общество с ограниченной ответственностью "Медакс Групп"
2026-01-28 17:42:45,792 [INFO] Документ найден: id=680094f8-c30a-4f2a-b062-11fa9f6c3f27, name=Договор №01 - Додо пицца Ставрополь 1.pdf, sender=Общество с ограниченной ответственностью "Медакс Групп", date=2026-01-12, summ=None, summ_nds=None, status=False
2026-01-28 17:42:45,792 [INFO] Обрабатываем строку #83 для ИНН 2635229446
2026-01-28 17:42:46,062 [INFO] Наводим курсор на отправителя для тултипа.
2026-01-28 17:42:46,657 [INFO] Получено имя отправителя из подсказки: Общество с ограниченной ответственностью "Медакс Групп"
2026-01-28 17:42:47,546 [INFO] Обрабатываем строку #84 для ИНН 2635229446
2026-01-28 17:42:47,773 [INFO] Наводим курсор на отправителя для тултипа.
2026-01-28 17:42:48,377 [INFO] Получено имя отправителя из подсказки: Общество с ограниченной ответственностью "ИСТ-ВЕСТ ЛОДЖИСТИКС"
2026-01-28 17:42:49,228 [INFO] Документ найден: id=0bc82294-1fe7-4867-a9e5-e9fc54a67a5a, name=УПД №2000006577 от 31.12.25, sender=Общество с ограниченной ответственностью "ИСТ-ВЕСТ ЛОДЖИСТИКС", date=2026-01-12, summ=None, summ_nds=2000006577.0, status=True
2026-01-28 17:42:49,228 [INFO] Обрабатываем строку #85 для ИНН 2635229446
2026-01-28 17:42:49,450 [INFO] Наводим курсор на отправителя для тултипа.
2026-01-28 17:42:50,010 [INFO] Получено имя отправителя из подсказки: Общество с ограниченной ответственностью "ИСТ-ВЕСТ ЛОДЖИСТИКС"
2026-01-28 17:42:50,923 [INFO] Обрабатываем строку #86 для ИНН 2635229446
2026-01-28 17:42:51,144 [INFO] Наводим курсор на отправителя для тултипа.
2026-01-28 17:42:51,700 [INFO] Получено имя отправителя из подсказки: Неймышева Анна Владимировна
2026-01-28 17:42:52,477 [INFO] Документ найден: id=a82342f3-efac-41b9-a2bc-ff035bdd4b98, name=Счет_С1_январь.pdf, sender=Неймышева Анна Владимировна, date=2026-01-12, summ=None, summ_nds=None, status=False
2026-01-28 17:42:52,478 [INFO] Обрабатываем строку #87 для ИНН 2635229446
2026-01-28 17:42:52,695 [INFO] Наводим курсор на отправителя для тултипа.
2026-01-28 17:42:53,239 [INFO] Получено имя отправителя из подсказки: Неймышева Анна Владимировна
2026-01-28 17:42:54,056 [INFO] Обрабатываем строку #88 для ИНН 2635229446
2026-01-28 17:42:54,280 [INFO] Наводим курсор на отправителя для тултипа.
2026-01-28 17:42:54,803 [INFO] Получено имя отправителя из подсказки: Общество с ограниченной ответственностью "ИСТ-ВЕСТ ЛОДЖИСТИКС"
2026-01-28 17:42:55,607 [INFO] Документ найден: id=c92d79ca-a7a6-45f7-a6e5-62a2eeac6e18, name=УПД №1000017364 от 12.01.26, sender=Общество с ограниченной ответственностью "ИСТ-ВЕСТ ЛОДЖИСТИКС", date=2026-01-12, summ=None, summ_nds=1000017364.0, status=True
2026-01-28 17:42:55,608 [INFO] Обрабатываем строку #89 для ИНН 2635229446
2026-01-28 17:42:55,826 [INFO] Наводим курсор на отправителя для тултипа.
2026-01-28 17:42:56,372 [INFO] Получено имя отправителя из подсказки: Общество с ограниченной ответственностью "ИСТ-ВЕСТ ЛОДЖИСТИКС"
2026-01-28 17:42:57,315 [INFO] Обрабатываем строку #90 для ИНН 2635229446
2026-01-28 17:42:57,530 [INFO] Наводим курсор на отправителя для тултипа.
2026-01-28 17:42:58,118 [INFO] Получено имя отправителя из подсказки: Зархош-Оглы Баги Хизирович
2026-01-28 17:42:58,938 [INFO] Документ найден: id=dac11ec2-dc8d-495c-9700-c24ae80568e9, name=УПД №27 от 9 января 2026 г.pdf, sender=Зархош-Оглы Баги Хизирович, date=2026-01-12, summ=None, summ_nds=None, status=True
2026-01-28 17:42:58,938 [INFO] Обрабатываем строку #91 для ИНН 2635229446
2026-01-28 17:42:59,160 [INFO] Наводим курсор на отправителя для тултипа.
2026-01-28 17:42:59,735 [INFO] Получено имя отправителя из подсказки: Зархош-Оглы Баги Хизирович
2026-01-28 17:43:00,563 [INFO] Собрано 59 документов на странице для ИНН 2635229446.
2026-01-28 17:43:01,334 [INFO] Получено 50 существующих записей из Supabase для проверки.
2026-01-28 17:43:01,336 [INFO] Новых документов для загрузки в Supabase нет.
2026-01-28 17:44:08,388 [ERROR] Не удалось вернуться к списку ящиков после ИНН 2635229446 (попытка 1): TimeoutException()
2026-01-28 17:44:13,875 [INFO] Страница выбора ящика загружена: https://diadoc.kontur.ru/Box/Selection
2026-01-28 17:44:13,875 [INFO] Вернулись к списку ящиков после ИНН 2635229446.
2026-01-28 17:44:13,876 [INFO] Открываем карточку ИНН 2635231822
2026-01-28 17:44:18,586 [INFO] Карточка ИНН 2635231822 открыта, начинаем обработку документов.
2026-01-28 17:44:18,586 [INFO] Начинаем обработку документов для ИНН 2635231822
2026-01-28 17:44:18,639 [INFO] Применяем фильтр 'за месяц' для ИНН 2635231822
2026-01-28 17:44:18,639 [INFO] Пробуем применить период через диалог 'Фильтры'.
2026-01-28 17:44:18,640 [INFO] Открываем диалог фильтров документов.
2026-01-28 17:44:18,958 [INFO] Клик по кнопке 'Фильтры'.
2026-01-28 17:44:19,217 [INFO] Открываем селект типа даты.
2026-01-28 17:44:19,218 [INFO] Выбираем пункт меню: Получения
2026-01-28 17:44:19,499 [INFO] Ищем радиокнопку: Период
2026-01-28 17:44:19,650 [INFO] Радиокнопка выбрана: Период
2026-01-28 17:44:19,650 [INFO] Выбрана радиокнопка 'Период'.
2026-01-28 17:44:19,837 [INFO] Открываем список периодов.
2026-01-28 17:44:19,838 [INFO] Выбираем период: месяц.
2026-01-28 17:44:19,838 [INFO] Выбираем опцию периода 'Месяц'.
2026-01-28 17:44:20,000 [INFO] Найдена опция периода: За месяц
2026-01-28 17:44:20,123 [INFO] Применяем выбранные фильтры.
2026-01-28 17:44:20,339 [INFO] Клик по кнопке 'Применить'.
2026-01-28 17:44:20,371 [INFO] Ожидаем появление списка документов.
2026-01-28 17:44:22,194 [INFO] Отображается 85 строк(и) документов на странице.
2026-01-28 17:44:22,194 [INFO] Начинаем разбор 85 строк документов для ИНН 2635231822.
2026-01-28 17:44:22,194 [INFO] Обрабатываем строку #1 для ИНН 2635231822
2026-01-28 17:44:22,405 [INFO] Наводим курсор на отправителя для тултипа.
2026-01-28 17:44:22,980 [INFO] Получено имя отправителя из подсказки: Зархош-Оглы Баги Хизирович
2026-01-28 17:44:23,782 [INFO] Документ найден: id=80b1f1dd-6a2a-4aff-8dc6-65b585d89ea1, name=УПД №75 от 23 января 2026 г.pdf, sender=Зархош-Оглы Баги Хизирович, date=2026-01-27, summ=None, summ_nds=None, status=False
2026-01-28 17:44:24,229 [INFO] Документ найден: id=f33b58b2-3849-44b5-a615-8a11662e23d3, name=Счет на оплату № 75 от 23 января 2026 г.pdf, sender=Зархош-Оглы Баги Хизирович, date=2026-01-27, summ=None, summ_nds=None, status=False
2026-01-28 17:44:24,229 [INFO] Обрабатываем строку #2 для ИНН 2635231822
2026-01-28 17:44:24,449 [INFO] Наводим курсор на отправителя для тултипа.
2026-01-28 17:44:25,038 [INFO] Получено имя отправителя из подсказки: Зархош-Оглы Баги Хизирович
2026-01-28 17:44:26,029 [INFO] Обрабатываем строку #3 для ИНН 2635231822
2026-01-28 17:44:26,902 [INFO] Документ найден: id=f33b58b2-3849-44b5-a615-8a11662e23d3, name=Счет на оплату № 75 от 23 января 2026 г.pdf, sender=, date=2026-01-27, summ=None, summ_nds=None, status=False
2026-01-28 17:44:26,902 [INFO] Обрабатываем строку #4 для ИНН 2635231822
2026-01-28 17:44:27,123 [INFO] Наводим курсор на отправителя для тултипа.
2026-01-28 17:44:27,701 [INFO] Получено имя отправителя из подсказки: Общество с ограниченной ответственностью "КЕХ еКоммерц"
2026-01-28 17:44:28,458 [INFO] Документ найден: id=30e712bc-8658-491b-94c4-16c550e7a9e4, name=Счет №099554 от 26.01.26, sender=Общество с ограниченной ответственностью "КЕХ еКоммерц", date=2026-01-27, summ=None, summ_nds=99554.0, status=False
2026-01-28 17:44:28,458 [INFO] Обрабатываем строку #5 для ИНН 2635231822
2026-01-28 17:44:28,681 [INFO] Наводим курсор на отправителя для тултипа.
2026-01-28 17:44:29,273 [INFO] Получено имя отправителя из подсказки: Общество с ограниченной ответственностью "КЕХ еКоммерц"
2026-01-28 17:44:30,039 [INFO] Обрабатываем строку #6 для ИНН 2635231822
2026-01-28 17:44:30,262 [INFO] Наводим курсор на отправителя для тултипа.
2026-01-28 17:44:30,819 [INFO] Получено имя отправителя из подсказки: Общество с ограниченной ответственностью "Шанс"
2026-01-28 17:44:31,576 [INFO] Документ найден: id=1828eada-21df-4e66-9930-cea940561740, name=УПД №С53_343104 от 27.01.26, sender=Общество с ограниченной ответственностью "Шанс", date=2026-01-27, summ=None, summ_nds=53.0, status=False
2026-01-28 17:44:31,576 [INFO] Обрабатываем строку #7 для ИНН 2635231822
2026-01-28 17:44:31,803 [INFO] Наводим курсор на отправителя для тултипа.
2026-01-28 17:44:32,313 [INFO] Получено имя отправителя из подсказки: Общество с ограниченной ответственностью "Шанс"
2026-01-28 17:44:33,024 [INFO] Обрабатываем строку #8 для ИНН 2635231822
2026-01-28 17:44:33,249 [INFO] Наводим курсор на отправителя для тултипа.
2026-01-28 17:44:33,833 [INFO] Получено имя отправителя из подсказки: Лосев Андрей Валерьевич
2026-01-28 17:44:34,776 [INFO] Документ найден: id=cbb015f0-692c-4f03-964a-dd56b8534c3b, name=Счет на оплату № 16 от 26 января 2026 г.pdf, sender=Лосев Андрей Валерьевич, date=2026-01-26, summ=None, summ_nds=None, status=False
2026-01-28 17:44:35,223 [INFO] Документ найден: id=d5435773-ad50-419e-bde1-a5dfd4b65fc6, name=Договор СТ-2 (1).pdf, sender=Лосев Андрей Валерьевич, date=2026-01-26, summ=None, summ_nds=None, status=True
2026-01-28 17:44:35,223 [INFO] Обрабатываем строку #9 для ИНН 2635231822
2026-01-28 17:44:35,476 [INFO] Наводим курсор на отправителя для тултипа.
2026-01-28 17:44:35,992 [INFO] Получено имя отправителя из подсказки: Лосев Андрей Валерьевич
2026-01-28 17:44:36,987 [INFO] Обрабатываем строку #10 для ИНН 2635231822
2026-01-28 17:44:37,819 [INFO] Документ найден: id=d5435773-ad50-419e-bde1-a5dfd4b65fc6, name=Договор СТ-2 (1).pdf, sender=, date=2026-01-26, summ=None, summ_nds=None, status=True
2026-01-28 17:44:37,819 [INFO] Обрабатываем строку #11 для ИНН 2635231822
2026-01-28 17:44:38,044 [INFO] Наводим курсор на отправителя для тултипа.
2026-01-28 17:44:38,590 [INFO] Получено имя отправителя из подсказки: Кайсарова Мария Ильинична
2026-01-28 17:44:39,600 [INFO] Документ найден: id=5f1fa08b-6893-4a7f-ba47-9ad83e647184, name=Акт №115 от 14.01.26, sender=Кайсарова Мария Ильинична, date=2026-01-26, summ=None, summ_nds=None, status=True
2026-01-28 17:44:39,600 [INFO] Обрабатываем строку #12 для ИНН 2635231822
2026-01-28 17:44:39,825 [INFO] Наводим курсор на отправителя для тултипа.
2026-01-28 17:44:40,337 [INFO] Получено имя отправителя из подсказки: Кайсарова Мария Ильинична
2026-01-28 17:44:41,209 [INFO] Обрабатываем строку #13 для ИНН 2635231822
2026-01-28 17:44:41,435 [INFO] Наводим курсор на отправителя для тултипа.
2026-01-28 17:44:41,962 [INFO] Получено имя отправителя из подсказки: Симонов Максим Александрович
2026-01-28 17:44:42,883 [INFO] Документ найден: id=500ec7df-7d07-4bc8-b868-575650a7f13a, name=УПД №2 от 15.01.26, sender=Симонов Максим Александрович, date=2026-01-26, summ=None, summ_nds=15.01, status=True
2026-01-28 17:44:43,381 [INFO] Документ найден: id=b5893397-761a-4738-b63d-2e224a2d20d2, name=УПД №2 от 15.01.26, sender=Симонов Максим Александрович, date=2026-01-26, summ=None, summ_nds=15.01, status=False
2026-01-28 17:44:43,880 [INFO] Документ найден: id=3b7c5a39-2735-4b2b-a6e7-d68fad74cc21, name=УПД №2 от 15.01.26, sender=Симонов Максим Александрович, date=2026-01-26, summ=None, summ_nds=15.01, status=False
2026-01-28 17:44:44,354 [INFO] Документ найден: id=78064233-6c4a-419b-9cbb-6415f399e1a4, name=Счет №14-05-25/ВН от 14.05.25, sender=Симонов Максим Александрович, date=2026-01-26, summ=None, summ_nds=15.01, status=False
2026-01-28 17:44:44,354 [INFO] Обрабатываем строку #14 для ИНН 2635231822
2026-01-28 17:44:44,570 [INFO] Наводим курсор на отправителя для тултипа.
2026-01-28 17:44:45,136 [INFO] Получено имя отправителя из подсказки: Симонов Максим Александрович
2026-01-28 17:44:46,068 [INFO] Обрабатываем строку #15 для ИНН 2635231822
2026-01-28 17:44:46,975 [INFO] Документ найден: id=b5893397-761a-4738-b63d-2e224a2d20d2, name=b5893397-761a-4738-b63d-2e224a2d20d2, sender=, date=2026-01-26, summ=None, summ_nds=15.01, status=False
2026-01-28 17:44:46,976 [INFO] Обрабатываем строку #16 для ИНН 2635231822
2026-01-28 17:44:47,779 [INFO] Документ найден: id=3b7c5a39-2735-4b2b-a6e7-d68fad74cc21, name=3b7c5a39-2735-4b2b-a6e7-d68fad74cc21, sender=, date=2026-01-26, summ=None, summ_nds=15.01, status=False
2026-01-28 17:44:47,780 [INFO] Обрабатываем строку #17 для ИНН 2635231822
2026-01-28 17:44:48,616 [INFO] Документ найден: id=78064233-6c4a-419b-9cbb-6415f399e1a4, name=Счет №14-05-25/ВН от 14.05.25, sender=, date=2026-01-26, summ=None, summ_nds=None, status=False
2026-01-28 17:44:48,617 [INFO] Обрабатываем строку #18 для ИНН 2635231822
2026-01-28 17:44:48,835 [INFO] Наводим курсор на отправителя для тултипа.
2026-01-28 17:44:49,469 [INFO] Получено имя отправителя из подсказки: Общество с ограниченной ответственностью "ИСТ-ВЕСТ ЛОДЖИСТИКС"
2026-01-28 17:44:50,571 [INFO] Документ найден: id=2d5eaa16-6fff-4cff-b735-15b189c0e06f, name=УПД №1000043668 от 26.01.26, sender=Общество с ограниченной ответственностью "ИСТ-ВЕСТ ЛОДЖИСТИКС", date=2026-01-26, summ=None, summ_nds=1000043668.0, status=False
2026-01-28 17:44:50,571 [INFO] Обрабатываем строку #19 для ИНН 2635231822
2026-01-28 17:44:50,796 [INFO] Наводим курсор на отправителя для тултипа.
2026-01-28 17:44:51,391 [INFO] Получено имя отправителя из подсказки: Общество с ограниченной ответственностью "ИСТ-ВЕСТ ЛОДЖИСТИКС"
2026-01-28 17:44:51,921 [INFO] Обрабатываем строку #20 для ИНН 2635231822
2026-01-28 17:44:52,144 [INFO] Наводим курсор на отправителя для тултипа.
2026-01-28 17:44:52,725 [INFO] Получено имя отправителя из подсказки: Зархош-Оглы Баги Хизирович
2026-01-28 17:44:53,528 [INFO] Документ найден: id=e1faa09a-ab42-4336-8c32-1321b0c908ec, name=Счет на оплату № 64 от 20 января 2026 г.pdf, sender=Зархош-Оглы Баги Хизирович, date=2026-01-23, summ=None, summ_nds=None, status=True
2026-01-28 17:44:53,962 [INFO] Документ найден: id=e8aacf80-c54a-40d7-b6fc-b5b75907d690, name=УПД №64 от 20 января 2026 г.pdf, sender=Зархош-Оглы Баги Хизирович, date=2026-01-23, summ=None, summ_nds=None, status=True
2026-01-28 17:44:53,962 [INFO] Обрабатываем строку #21 для ИНН 2635231822
2026-01-28 17:44:54,182 [INFO] Наводим курсор на отправителя для тултипа.
2026-01-28 17:44:54,773 [INFO] Получено имя отправителя из подсказки: Зархош-Оглы Баги Хизирович
2026-01-28 17:44:55,891 [INFO] Обрабатываем строку #22 для ИНН 2635231822
2026-01-28 17:44:56,708 [INFO] Документ найден: id=e8aacf80-c54a-40d7-b6fc-b5b75907d690, name=УПД №64 от 20 января 2026 г.pdf, sender=, date=2026-01-23, summ=None, summ_nds=None, status=True
2026-01-28 17:44:56,708 [INFO] Обрабатываем строку #23 для ИНН 2635231822
2026-01-28 17:44:57,008 [INFO] Наводим курсор на отправителя для тултипа.
2026-01-28 17:44:57,580 [INFO] Получено имя отправителя из подсказки: Сайгушинский Дмитрий Николаевич
2026-01-28 17:44:58,564 [INFO] Документ найден: id=d4b469d3-6251-4a5c-8e10-46815b695144, name=Счет 225.000= Январь 2026.pdf, sender=Сайгушинский Дмитрий Николаевич, date=2026-01-23, summ=None, summ_nds=None, status=False
2026-01-28 17:44:58,565 [INFO] Обрабатываем строку #24 для ИНН 2635231822
2026-01-28 17:44:58,790 [INFO] Наводим курсор на отправителя для тултипа.
2026-01-28 17:44:59,305 [INFO] Получено имя отправителя из подсказки: Сайгушинский Дмитрий Николаевич
2026-01-28 17:45:00,105 [INFO] Обрабатываем строку #25 для ИНН 2635231822
2026-01-28 17:45:00,334 [INFO] Наводим курсор на отправителя для тултипа.
2026-01-28 17:45:00,923 [INFO] Получено имя отправителя из подсказки: Сайгушинский Дмитрий Николаевич
2026-01-28 17:45:01,850 [INFO] Документ найден: id=a2b6b911-d44b-4c24-857d-04feaca42ced, name=Акт 225.000= Январь 2026.docx, sender=Сайгушинский Дмитрий Николаевич, date=2026-01-23, summ=None, summ_nds=None, status=False
2026-01-28 17:45:01,850 [INFO] Обрабатываем строку #26 для ИНН 2635231822
2026-01-28 17:45:02,072 [INFO] Наводим курсор на отправителя для тултипа.
2026-01-28 17:45:02,626 [INFO] Получено имя отправителя из подсказки: Сайгушинский Дмитрий Николаевич
2026-01-28 17:45:03,414 [INFO] Обрабатываем строку #27 для ИНН 2635231822
2026-01-28 17:45:03,635 [INFO] Наводим курсор на отправителя для тултипа.
2026-01-28 17:45:04,165 [INFO] Получено имя отправителя из подсказки: Общество с ограниченной ответственностью "ИСТ-ВЕСТ ЛОДЖИСТИКС"
2026-01-28 17:45:04,969 [INFO] Документ найден: id=18fc65b4-f318-47c3-bdfe-de5acc674012, name=УПД №1000038762 от 23.01.26, sender=Общество с ограниченной ответственностью "ИСТ-ВЕСТ ЛОДЖИСТИКС", date=2026-01-23, summ=None, summ_nds=1000038762.0, status=True
2026-01-28 17:45:04,969 [INFO] Обрабатываем строку #28 для ИНН 2635231822
2026-01-28 17:45:05,219 [INFO] Наводим курсор на отправителя для тултипа.
2026-01-28 17:45:05,731 [INFO] Получено имя отправителя из подсказки: Общество с ограниченной ответственностью "ИСТ-ВЕСТ ЛОДЖИСТИКС"
2026-01-28 17:45:06,822 [INFO] Обрабатываем строку #29 для ИНН 2635231822
2026-01-28 17:45:07,058 [INFO] Наводим курсор на отправителя для тултипа.
2026-01-28 17:45:07,597 [INFO] Получено имя отправителя из подсказки: Педашенко Александр Алексеевич
2026-01-28 17:45:08,439 [INFO] Документ найден: id=a4cc75b0-ea22-4ec7-ac8e-18d0eceabede, name=УПД №19 от 22.01.26, sender=Педашенко Александр Алексеевич, date=2026-01-22, summ=None, summ_nds=19.0, status=False
2026-01-28 17:45:08,439 [INFO] Обрабатываем строку #30 для ИНН 2635231822
2026-01-28 17:45:08,657 [INFO] Наводим курсор на отправителя для тултипа.
2026-01-28 17:45:09,249 [INFO] Получено имя отправителя из подсказки: Педашенко Александр Алексеевич
2026-01-28 17:45:09,972 [INFO] Обрабатываем строку #31 для ИНН 2635231822
2026-01-28 17:45:10,233 [INFO] Наводим курсор на отправителя для тултипа.
2026-01-28 17:45:10,764 [INFO] Получено имя отправителя из подсказки: Педашенко Александр Алексеевич
2026-01-28 17:45:11,640 [INFO] Документ найден: id=3272af1f-7a11-4f80-aaba-75ea346f1b37, name=Schet na oplatu 20 22.01.2026 (22.01.2026 130836).xml, sender=Педашенко Александр Алексеевич, date=2026-01-22, summ=None, summ_nds=None, status=False
2026-01-28 17:45:11,641 [INFO] Обрабатываем строку #32 для ИНН 2635231822
2026-01-28 17:45:11,859 [INFO] Наводим курсор на отправителя для тултипа.
2026-01-28 17:45:12,463 [INFO] Получено имя отправителя из подсказки: Педашенко Александр Алексеевич
2026-01-28 17:45:13,384 [INFO] Обрабатываем строку #33 для ИНН 2635231822
2026-01-28 17:45:13,606 [INFO] Наводим курсор на отправителя для тултипа.
2026-01-28 17:45:14,212 [INFO] Получено имя отправителя из подсказки: Общество с ограниченной ответственностью "КЕХ еКоммерц"
2026-01-28 17:45:15,110 [INFO] Документ найден: id=8421abff-f7bf-416b-baff-2155fce7961d, name=Акт сверки №1027584, sender=Общество с ограниченной ответственностью "КЕХ еКоммерц", date=2026-01-22, summ=None, summ_nds=None, status=False
2026-01-28 17:45:15,110 [INFO] Обрабатываем строку #34 для ИНН 2635231822
2026-01-28 17:45:15,326 [INFO] Наводим курсор на отправителя для тултипа.
2026-01-28 17:45:15,871 [INFO] Получено имя отправителя из подсказки: Общество с ограниченной ответственностью "КЕХ еКоммерц"
2026-01-28 17:45:16,836 [INFO] Обрабатываем строку #35 для ИНН 2635231822
2026-01-28 17:45:17,067 [INFO] Наводим курсор на отправителя для тултипа.
2026-01-28 17:45:17,586 [INFO] Получено имя отправителя из подсказки: Общество с ограниченной ответственностью "ИСТ-ВЕСТ ЛОДЖИСТИКС"
2026-01-28 17:45:18,369 [INFO] Документ найден: id=d4b681c0-7554-4b21-b5d9-92b102fde0c3, name=УПД №1000034263 от 21.01.26, sender=Общество с ограниченной ответственностью "ИСТ-ВЕСТ ЛОДЖИСТИКС", date=2026-01-21, summ=None, summ_nds=1000034263.0, status=True
2026-01-28 17:45:18,369 [INFO] Обрабатываем строку #36 для ИНН 2635231822
2026-01-28 17:45:18,597 [INFO] Наводим курсор на отправителя для тултипа.
2026-01-28 17:45:19,122 [INFO] Получено имя отправителя из подсказки: Общество с ограниченной ответственностью "ИСТ-ВЕСТ ЛОДЖИСТИКС"
2026-01-28 17:45:19,902 [INFO] Обрабатываем строку #37 для ИНН 2635231822
2026-01-28 17:45:20,130 [INFO] Наводим курсор на отправителя для тултипа.
2026-01-28 17:45:20,678 [INFO] Получено имя отправителя из подсказки: Общество с ограниченной ответственностью "Деловые Линии"
2026-01-28 17:45:21,395 [INFO] Документ найден: id=249cf769-4c70-49b5-bbf7-b08d7e7e7d63, name=Акт сверки №106758034 от 12.01.26, sender=Общество с ограниченной ответственностью "Деловые Линии", date=2026-01-21, summ=None, summ_nds=None, status=False
2026-01-28 17:45:21,395 [INFO] Обрабатываем строку #38 для ИНН 2635231822
2026-01-28 17:45:21,656 [INFO] Наводим курсор на отправителя для тултипа.
2026-01-28 17:45:22,196 [INFO] Получено имя отправителя из подсказки: Общество с ограниченной ответственностью "Деловые Линии"
2026-01-28 17:45:23,091 [INFO] Обрабатываем строку #39 для ИНН 2635231822
2026-01-28 17:45:23,318 [INFO] Наводим курсор на отправителя для тултипа.
2026-01-28 17:45:23,877 [INFO] Получено имя отправителя из подсказки: Общество с ограниченной ответственностью "Деловые Линии"
2026-01-28 17:45:24,613 [INFO] Документ найден: id=47701fec-821d-45a6-b939-b672637886b4, name=УПД №1002338/0001 от 20.01.26, sender=Общество с ограниченной ответственностью "Деловые Линии", date=2026-01-21, summ=None, summ_nds=1002338.0, status=True
2026-01-28 17:45:24,614 [INFO] Обрабатываем строку #40 для ИНН 2635231822
2026-01-28 17:45:24,843 [INFO] Наводим курсор на отправителя для тултипа.
2026-01-28 17:45:25,353 [INFO] Получено имя отправителя из подсказки: Общество с ограниченной ответственностью "Деловые Линии"
2026-01-28 17:45:26,454 [INFO] Обрабатываем строку #41 для ИНН 2635231822
2026-01-28 17:45:26,681 [INFO] Наводим курсор на отправителя для тултипа.
2026-01-28 17:45:27,286 [INFO] Получено имя отправителя из подсказки: Общество с ограниченной ответственностью "Шанс"
2026-01-28 17:45:28,308 [INFO] Документ найден: id=1279da0c-a95a-4b12-8907-90412f55bf66, name=УПД №С53_341857 от 20.01.26, sender=Общество с ограниченной ответственностью "Шанс", date=2026-01-20, summ=None, summ_nds=53.0, status=False
2026-01-28 17:45:28,308 [INFO] Обрабатываем строку #42 для ИНН 2635231822
2026-01-28 17:45:28,527 [INFO] Наводим курсор на отправителя для тултипа.
2026-01-28 17:45:29,036 [INFO] Получено имя отправителя из подсказки: Общество с ограниченной ответственностью "Шанс"
2026-01-28 17:45:29,832 [INFO] Обрабатываем строку #43 для ИНН 2635231822
2026-01-28 17:45:30,096 [INFO] Наводим курсор на отправителя для тултипа.
2026-01-28 17:45:30,641 [INFO] Получено имя отправителя из подсказки: Сайгушинский Дмитрий Николаевич
2026-01-28 17:45:31,514 [INFO] Документ найден: id=1f7e9c16-fd2d-4115-8d15-0d5700440692, name=Счет 450.000= Январь 2026.pdf, sender=Сайгушинский Дмитрий Николаевич, date=2026-01-20, summ=None, summ_nds=None, status=False
2026-01-28 17:45:31,515 [INFO] Обрабатываем строку #44 для ИНН 2635231822
2026-01-28 17:45:31,750 [INFO] Наводим курсор на отправителя для тултипа.
2026-01-28 17:45:32,352 [INFO] Получено имя отправителя из подсказки: Сайгушинский Дмитрий Николаевич
2026-01-28 17:45:33,170 [INFO] Обрабатываем строку #45 для ИНН 2635231822
2026-01-28 17:45:33,430 [INFO] Наводим курсор на отправителя для тултипа.
2026-01-28 17:45:33,961 [INFO] Получено имя отправителя из подсказки: Сайгушинский Дмитрий Николаевич
2026-01-28 17:45:35,369 [INFO] Документ найден: id=2be852b7-07ad-4dc4-8dcd-0e1371040001, name=Акт 450.000= Январь 2026.docx, sender=Сайгушинский Дмитрий Николаевич, date=2026-01-20, summ=None, summ_nds=None, status=False
2026-01-28 17:45:35,370 [INFO] Обрабатываем строку #46 для ИНН 2635231822
2026-01-28 17:45:35,594 [INFO] Наводим курсор на отправителя для тултипа.
2026-01-28 17:45:36,190 [INFO] Получено имя отправителя из подсказки: Сайгушинский Дмитрий Николаевич
2026-01-28 17:45:37,200 [INFO] Обрабатываем строку #47 для ИНН 2635231822
2026-01-28 17:45:37,425 [INFO] Наводим курсор на отправителя для тултипа.
2026-01-28 17:45:37,941 [INFO] Получено имя отправителя из подсказки: Биджева Умукусюм Магомедовна
2026-01-28 17:45:38,970 [INFO] Документ найден: id=b29ac2d3-dcef-43a2-9a03-b087b2666315, name=Счет №10 от 29.12.25, sender=Биджева Умукусюм Магомедовна, date=2026-01-19, summ=None, summ_nds=None, status=False
2026-01-28 17:45:39,422 [INFO] Документ найден: id=7ca2f335-1e67-4b8f-9b20-329c120dd207, name=Акт №10 от 29.12.25, sender=Биджева Умукусюм Магомедовна, date=2026-01-19, summ=None, summ_nds=None, status=True
2026-01-28 17:45:39,422 [INFO] Обрабатываем строку #48 для ИНН 2635231822
2026-01-28 17:45:39,643 [INFO] Наводим курсор на отправителя для тултипа.
2026-01-28 17:45:40,185 [INFO] Получено имя отправителя из подсказки: Биджева Умукусюм Магомедовна
2026-01-28 17:45:41,234 [INFO] Обрабатываем строку #49 для ИНН 2635231822
2026-01-28 17:45:42,099 [INFO] Документ найден: id=7ca2f335-1e67-4b8f-9b20-329c120dd207, name=Акт №10 от 29.12.25, sender=, date=2026-01-19, summ=None, summ_nds=None, status=True
2026-01-28 17:45:42,099 [INFO] Обрабатываем строку #50 для ИНН 2635231822
2026-01-28 17:45:42,374 [INFO] Наводим курсор на отправителя для тултипа.
2026-01-28 17:45:42,946 [INFO] Получено имя отправителя из подсказки: Зархош-Оглы Баги Хизирович
2026-01-28 17:45:43,830 [INFO] Документ найден: id=f74b379a-b94e-4f32-a1d9-5642825c6c94, name=Счет на оплату № 17 от 06 января 2026 г.pdf, sender=Зархош-Оглы Баги Хизирович, date=2026-01-19, summ=None, summ_nds=None, status=True
2026-01-28 17:45:44,289 [INFO] Документ найден: id=3dabd474-9374-42a2-864c-7223129f601d, name=Счет на оплату № 52 от 16 января 2026 г.pdf, sender=Зархош-Оглы Баги Хизирович, date=2026-01-19, summ=None, summ_nds=None, status=True
2026-01-28 17:45:44,748 [INFO] Документ найден: id=f3f6f218-a371-4baa-a931-87ce140c7336, name=УПД №52 от 16 января 2026 г.pdf, sender=Зархош-Оглы Баги Хизирович, date=2026-01-19, summ=None, summ_nds=None, status=True
2026-01-28 17:45:45,208 [INFO] Документ найден: id=16877007-c57b-4f47-89f5-120f44bc4e79, name=УПД №17 от 6 января 2026 г.pdf, sender=Зархош-Оглы Баги Хизирович, date=2026-01-19, summ=None, summ_nds=None, status=True
2026-01-28 17:45:45,208 [INFO] Обрабатываем строку #51 для ИНН 2635231822
2026-01-28 17:45:45,455 [INFO] Наводим курсор на отправителя для тултипа.
2026-01-28 17:45:45,978 [INFO] Получено имя отправителя из подсказки: Зархош-Оглы Баги Хизирович
2026-01-28 17:45:46,904 [INFO] Обрабатываем строку #52 для ИНН 2635231822
2026-01-28 17:45:47,781 [INFO] Документ найден: id=3dabd474-9374-42a2-864c-7223129f601d, name=Счет на оплату № 52 от 16 января 2026 г.pdf, sender=, date=2026-01-19, summ=None, summ_nds=None, status=True
2026-01-28 17:45:47,781 [INFO] Обрабатываем строку #53 для ИНН 2635231822
2026-01-28 17:45:48,623 [INFO] Документ найден: id=f3f6f218-a371-4baa-a931-87ce140c7336, name=УПД №52 от 16 января 2026 г.pdf, sender=, date=2026-01-19, summ=None, summ_nds=None, status=True
2026-01-28 17:45:48,623 [INFO] Обрабатываем строку #54 для ИНН 2635231822
2026-01-28 17:45:49,438 [INFO] Документ найден: id=16877007-c57b-4f47-89f5-120f44bc4e79, name=УПД №17 от 6 января 2026 г.pdf, sender=, date=2026-01-19, summ=None, summ_nds=None, status=True
2026-01-28 17:45:49,438 [INFO] Обрабатываем строку #55 для ИНН 2635231822
2026-01-28 17:45:49,670 [INFO] Наводим курсор на отправителя для тултипа.
2026-01-28 17:45:50,234 [INFO] Получено имя отправителя из подсказки: Общество с ограниченной ответственностью "ИСТ-ВЕСТ ЛОДЖИСТИКС"
2026-01-28 17:45:50,980 [INFO] Документ найден: id=7ef5554e-be73-49e0-99a3-d72356b2406c, name=УПД №1000031635 от 19.01.26, sender=Общество с ограниченной ответственностью "ИСТ-ВЕСТ ЛОДЖИСТИКС", date=2026-01-19, summ=None, summ_nds=1000031635.0, status=True
2026-01-28 17:45:50,981 [INFO] Обрабатываем строку #56 для ИНН 2635231822
2026-01-28 17:45:51,197 [INFO] Наводим курсор на отправителя для тултипа.
2026-01-28 17:45:51,606 [INFO] Получено имя отправителя из подсказки: Общество с ограниченной ответственностью "ИСТ-ВЕСТ ЛОДЖИСТИКС"
2026-01-28 17:45:52,432 [INFO] Обрабатываем строку #57 для ИНН 2635231822
2026-01-28 17:45:52,672 [INFO] Наводим курсор на отправителя для тултипа.
2026-01-28 17:45:53,283 [INFO] Получено имя отправителя из подсказки: Старостин Сергей Владимирович
2026-01-28 17:45:54,178 [INFO] Документ найден: id=8b4f85fc-82dc-40e8-9a92-557563ff8918, name=Акт сверки №1297 от 15.01.26, sender=Старостин Сергей Владимирович, date=2026-01-16, summ=None, summ_nds=None, status=False
2026-01-28 17:45:54,178 [INFO] Обрабатываем строку #58 для ИНН 2635231822
2026-01-28 17:45:54,397 [INFO] Наводим курсор на отправителя для тултипа.
2026-01-28 17:45:54,963 [INFO] Получено имя отправителя из подсказки: Старостин Сергей Владимирович
2026-01-28 17:45:55,813 [INFO] Обрабатываем строку #59 для ИНН 2635231822
2026-01-28 17:45:56,031 [INFO] Наводим курсор на отправителя для тултипа.
2026-01-28 17:45:56,567 [INFO] Получено имя отправителя из подсказки: Общество с ограниченной ответственностью "ИСТ-ВЕСТ ЛОДЖИСТИКС"
2026-01-28 17:45:57,452 [INFO] Документ найден: id=c0d0afcd-ed5e-4df6-b0c8-b91ca6ad4c87, name=2000_1000005049_2635231822_01102025_31122025ООО _Ставрополь-2_.pdf, sender=Общество с ограниченной ответственностью "ИСТ-ВЕСТ ЛОДЖИСТИКС", date=2026-01-16, summ=None, summ_nds=None, status=False
2026-01-28 17:45:57,452 [INFO] Обрабатываем строку #60 для ИНН 2635231822
2026-01-28 17:45:57,686 [INFO] Наводим курсор на отправителя для тултипа.
2026-01-28 17:45:58,190 [INFO] Получено имя отправителя из подсказки: Общество с ограниченной ответственностью "ИСТ-ВЕСТ ЛОДЖИСТИКС"
2026-01-28 17:45:58,993 [INFO] Обрабатываем строку #61 для ИНН 2635231822
2026-01-28 17:45:59,240 [INFO] Наводим курсор на отправителя для тултипа.
2026-01-28 17:45:59,765 [INFO] Получено имя отправителя из подсказки: Общество с ограниченной ответственностью "ИСТ-ВЕСТ ЛОДЖИСТИКС"
2026-01-28 17:46:00,560 [INFO] Документ найден: id=1ca508c5-72f7-4685-a8aa-2f5949833578, name=УПД №1000025677 от 16.01.26, sender=Общество с ограниченной ответственностью "ИСТ-ВЕСТ ЛОДЖИСТИКС", date=2026-01-16, summ=None, summ_nds=1000025677.0, status=True
2026-01-28 17:46:00,560 [INFO] Обрабатываем строку #62 для ИНН 2635231822
2026-01-28 17:46:00,792 [INFO] Наводим курсор на отправителя для тултипа.
2026-01-28 17:46:01,333 [INFO] Получено имя отправителя из подсказки: Общество с ограниченной ответственностью "ИСТ-ВЕСТ ЛОДЖИСТИКС"
2026-01-28 17:46:02,148 [INFO] Обрабатываем строку #63 для ИНН 2635231822
2026-01-28 17:46:02,419 [INFO] Наводим курсор на отправителя для тултипа.
2026-01-28 17:46:02,959 [INFO] Получено имя отправителя из подсказки: Общество с ограниченной ответственностью "Деловые Линии"
2026-01-28 17:46:03,836 [INFO] Документ найден: id=d03dfaca-a240-41d2-82d6-3298ec7bd217, name=УПД №1221935/1262 от 15.01.26, sender=Общество с ограниченной ответственностью "Деловые Линии", date=2026-01-15, summ=None, summ_nds=1221935.0, status=True
2026-01-28 17:46:03,836 [INFO] Обрабатываем строку #64 для ИНН 2635231822
2026-01-28 17:46:04,057 [INFO] Наводим курсор на отправителя для тултипа.
2026-01-28 17:46:04,568 [INFO] Получено имя отправителя из подсказки: Общество с ограниченной ответственностью "Деловые Линии"
2026-01-28 17:46:05,433 [INFO] Обрабатываем строку #65 для ИНН 2635231822
2026-01-28 17:46:05,673 [INFO] Наводим курсор на отправителя для тултипа.
2026-01-28 17:46:06,204 [INFO] Получено имя отправителя из подсказки: Общество с ограниченной ответственностью "ЭНЕРГОКОМ"
2026-01-28 17:46:07,049 [INFO] Документ найден: id=b1356436-0d69-44b8-9a60-6fef3cdd48c0, name=Акт сверки №1 от 15.01.26, sender=Общество с ограниченной ответственностью "ЭНЕРГОКОМ", date=2026-01-15, summ=None, summ_nds=None, status=False
2026-01-28 17:46:07,049 [INFO] Обрабатываем строку #66 для ИНН 2635231822
2026-01-28 17:46:07,272 [INFO] Наводим курсор на отправителя для тултипа.
2026-01-28 17:46:07,782 [INFO] Получено имя отправителя из подсказки: Общество с ограниченной ответственностью "ЭНЕРГОКОМ"
2026-01-28 17:46:08,677 [INFO] Обрабатываем строку #67 для ИНН 2635231822
2026-01-28 17:46:08,905 [INFO] Наводим курсор на отправителя для тултипа.
2026-01-28 17:46:09,474 [INFO] Получено имя отправителя из подсказки: Зархош-Оглы Баги Хизирович
2026-01-28 17:46:10,356 [INFO] Документ найден: id=2e322c8c-c404-4d7d-b385-a89e15bf8d84, name=УПД №40 от 13 января 2026 г.pdf, sender=Зархош-Оглы Баги Хизирович, date=2026-01-15, summ=None, summ_nds=None, status=True
2026-01-28 17:46:10,827 [INFO] Документ найден: id=a8d21519-9b9e-477e-a90b-8642c17dd197, name=Счет на оплату № 40 от 13 января 2026 г.pdf, sender=Зархош-Оглы Баги Хизирович, date=2026-01-15, summ=None, summ_nds=None, status=True
2026-01-28 17:46:10,828 [INFO] Обрабатываем строку #68 для ИНН 2635231822
2026-01-28 17:46:11,054 [INFO] Наводим курсор на отправителя для тултипа.
2026-01-28 17:46:11,622 [INFO] Получено имя отправителя из подсказки: Зархош-Оглы Баги Хизирович
2026-01-28 17:46:12,655 [INFO] Обрабатываем строку #69 для ИНН 2635231822
2026-01-28 17:46:13,488 [INFO] Документ найден: id=a8d21519-9b9e-477e-a90b-8642c17dd197, name=Счет на оплату № 40 от 13 января 2026 г.pdf, sender=, date=2026-01-15, summ=None, summ_nds=None, status=True
2026-01-28 17:46:13,489 [INFO] Обрабатываем строку #70 для ИНН 2635231822
2026-01-28 17:46:13,708 [INFO] Наводим курсор на отправителя для тултипа.
2026-01-28 17:46:14,327 [INFO] Получено имя отправителя из подсказки: Желтышева Наталья Васильевна
2026-01-28 17:46:15,209 [INFO] Документ найден: id=d7af81f0-6ef1-46e1-ac8b-3f627b46920e, name=Счет_№342_26.12.2025_Ст-2.pdf, sender=Желтышева Наталья Васильевна, date=2026-01-14, summ=None, summ_nds=None, status=False
2026-01-28 17:46:15,210 [INFO] Обрабатываем строку #71 для ИНН 2635231822
2026-01-28 17:46:15,440 [INFO] Наводим курсор на отправителя для тултипа.
2026-01-28 17:46:15,984 [INFO] Получено имя отправителя из подсказки: Желтышева Наталья Васильевна
2026-01-28 17:46:16,841 [INFO] Обрабатываем строку #72 для ИНН 2635231822
2026-01-28 17:46:17,073 [INFO] Наводим курсор на отправителя для тултипа.
2026-01-28 17:46:17,656 [INFO] Получено имя отправителя из подсказки: Желтышева Наталья Васильевна
2026-01-28 17:46:18,395 [INFO] Документ найден: id=ee6136aa-27f5-445e-8bd7-b5380bb644dd, name=Акт №326-2025 от 26.12.25, sender=Желтышева Наталья Васильевна, date=2026-01-14, summ=None, summ_nds=326.0, status=True
2026-01-28 17:46:18,395 [INFO] Обрабатываем строку #73 для ИНН 2635231822
2026-01-28 17:46:18,619 [INFO] Наводим курсор на отправителя для тултипа.
2026-01-28 17:46:19,210 [INFO] Получено имя отправителя из подсказки: Желтышева Наталья Васильевна
2026-01-28 17:46:20,419 [INFO] Обрабатываем строку #74 для ИНН 2635231822
2026-01-28 17:46:20,654 [INFO] Наводим курсор на отправителя для тултипа.
2026-01-28 17:46:21,059 [INFO] Получено имя отправителя из подсказки: Общество с ограниченной ответственностью "КЕХ еКоммерц"
2026-01-28 17:46:22,013 [INFO] Документ найден: id=e2a79399-72f3-4910-a740-bfdb8fee079a, name=УПД №12-1183666 от 31.12.25, sender=Общество с ограниченной ответственностью "КЕХ еКоммерц", date=2026-01-13, summ=None, summ_nds=12.0, status=False
2026-01-28 17:46:22,013 [INFO] Обрабатываем строку #75 для ИНН 2635231822
2026-01-28 17:46:22,237 [INFO] Наводим курсор на отправителя для тултипа.
2026-01-28 17:46:22,822 [INFO] Получено имя отправителя из подсказки: Общество с ограниченной ответственностью "КЕХ еКоммерц"
2026-01-28 17:46:23,523 [INFO] Обрабатываем строку #76 для ИНН 2635231822
2026-01-28 17:46:23,749 [INFO] Наводим курсор на отправителя для тултипа.
2026-01-28 17:46:24,333 [INFO] Получено имя отправителя из подсказки: Общество с ограниченной ответственностью "Рабочие Руки"
2026-01-28 17:46:25,133 [INFO] Документ найден: id=1579a8cf-db39-43fe-8329-0b54360903f0, name=Отчет агента от 31.12.25 №3524П.docx, sender=Общество с ограниченной ответственностью "Рабочие Руки", date=2026-01-13, summ=None, summ_nds=None, status=True
2026-01-28 17:46:25,591 [INFO] Документ найден: id=9e5593a6-29b4-4d57-aed9-e343a0c7da13, name=УПД №3524П от 31.12.25, sender=Общество с ограниченной ответственностью "Рабочие Руки", date=2026-01-13, summ=None, summ_nds=None, status=True
2026-01-28 17:46:26,034 [INFO] Документ найден: id=bf55955a-faba-434d-900b-4404740465e5, name=Приложение №1 к отчету агента от 31.12.25 №3524П.xlsx, sender=Общество с ограниченной ответственностью "Рабочие Руки", date=2026-01-13, summ=None, summ_nds=None, status=True
2026-01-28 17:46:26,034 [INFO] Обрабатываем строку #77 для ИНН 2635231822
2026-01-28 17:46:26,250 [INFO] Наводим курсор на отправителя для тултипа.
2026-01-28 17:46:26,818 [INFO] Получено имя отправителя из подсказки: Общество с ограниченной ответственностью "Рабочие Руки"
2026-01-28 17:46:27,680 [INFO] Обрабатываем строку #78 для ИНН 2635231822
2026-01-28 17:46:28,499 [INFO] Документ найден: id=9e5593a6-29b4-4d57-aed9-e343a0c7da13, name=УПД №3524П от 31.12.25, sender=, date=2026-01-13, summ=None, summ_nds=None, status=True
2026-01-28 17:46:28,499 [INFO] Обрабатываем строку #79 для ИНН 2635231822
2026-01-28 17:46:29,312 [INFO] Документ найден: id=bf55955a-faba-434d-900b-4404740465e5, name=Приложение №1 к отчету агента от 31.12.25 №3524П.xlsx, sender=, date=2026-01-13, summ=None, summ_nds=None, status=True
2026-01-28 17:46:29,312 [INFO] Обрабатываем строку #80 для ИНН 2635231822
2026-01-28 17:46:29,529 [INFO] Наводим курсор на отправителя для тултипа.
2026-01-28 17:46:30,086 [INFO] Получено имя отправителя из подсказки: Межрегиональная Общественная организация Содействия Программе Воспитания Подрастающего Поколения "Старшие Братья Старшие Сестры"
2026-01-28 17:46:30,923 [INFO] Документ найден: id=45126e91-8cbf-4b88-a27c-ba12dac4b38f, name=255_2635231822_ООО Ставрополь-2_25512.01.2026.pdf, sender=Межрегиональная Общественная организация Содействия Программе Воспитания Подрастающего Поколения "Старшие Братья Старшие Сестры", date=2026-01-13, summ=None, summ_nds=None, status=True
2026-01-28 17:46:30,923 [INFO] Обрабатываем строку #81 для ИНН 2635231822
2026-01-28 17:46:31,138 [INFO] Наводим курсор на отправителя для тултипа.
2026-01-28 17:46:31,726 [INFO] Получено имя отправителя из подсказки: Межрегиональная Общественная организация Содействия Программе Воспитания Подрастающего Поколения "Старшие Братья Старшие Сестры"
2026-01-28 17:46:32,538 [INFO] Обрабатываем строку #82 для ИНН 2635231822
2026-01-28 17:46:32,761 [INFO] Наводим курсор на отправителя для тултипа.
2026-01-28 17:46:33,347 [INFO] Получено имя отправителя из подсказки: Общество с ограниченной ответственностью "Яндекс.Такси"
2026-01-28 17:46:34,245 [INFO] Документ найден: id=654bbf72-020e-4a32-b5af-0157786145ed, name=Акт_BFA-A0022384580.pdf, sender=Общество с ограниченной ответственностью "Яндекс.Такси", date=2026-01-13, summ=None, summ_nds=25123100132030.0, status=False
2026-01-28 17:46:34,616 [INFO] Документ найден: id=aa7d264e-8b06-47cf-83dd-a7c3600ee308, name=Счет-фактура №25123100132030 от 31.12.25, sender=Общество с ограниченной ответственностью "Яндекс.Такси", date=2026-01-13, summ=None, summ_nds=25123100132030.0, status=False
2026-01-28 17:46:34,996 [INFO] Документ найден: id=99c2ba07-795c-442d-9f80-35a6296280d6, name=Акт №BFA-A0022384580 от 31.12.25, sender=Общество с ограниченной ответственностью "Яндекс.Такси", date=2026-01-13, summ=None, summ_nds=22384580.0, status=False
2026-01-28 17:46:34,996 [INFO] Обрабатываем строку #83 для ИНН 2635231822
2026-01-28 17:46:35,215 [INFO] Наводим курсор на отправителя для тултипа.
2026-01-28 17:46:35,787 [INFO] Получено имя отправителя из подсказки: Общество с ограниченной ответственностью "Яндекс.Такси"
2026-01-28 17:46:36,749 [INFO] Обрабатываем строку #84 для ИНН 2635231822
2026-01-28 17:46:37,489 [INFO] Документ найден: id=aa7d264e-8b06-47cf-83dd-a7c3600ee308, name=Счет-фактура №25123100132030 от 31.12.25, sender=, date=2026-01-13, summ=None, summ_nds=25123100132030.0, status=False
2026-01-28 17:46:37,489 [INFO] Обрабатываем строку #85 для ИНН 2635231822
2026-01-28 17:46:38,243 [INFO] Документ найден: id=99c2ba07-795c-442d-9f80-35a6296280d6, name=Акт №BFA-A0022384580 от 31.12.25, sender=, date=2026-01-13, summ=None, summ_nds=22384580.0, status=False
2026-01-28 17:46:38,243 [INFO] Собрано 65 документов на странице для ИНН 2635231822.
2026-01-28 17:46:38,966 [INFO] Получено 0 существующих записей из Supabase для проверки.
2026-01-28 17:46:39,641 [INFO] В Supabase добавлено 65 новых записей.
2026-01-28 17:47:46,535 [ERROR] Не удалось вернуться к списку ящиков после ИНН 2635231822 (попытка 1): TimeoutException()
2026-01-28 17:47:51,436 [INFO] Страница выбора ящика загружена: https://diadoc.kontur.ru/Box/Selection
2026-01-28 17:47:51,437 [INFO] Вернулись к списку ящиков после ИНН 2635231822.
2026-01-28 17:47:51,437 [INFO] Открываем карточку ИНН 2636218750
2026-01-28 17:47:55,948 [INFO] Карточка ИНН 2636218750 открыта, начинаем обработку документов.
2026-01-28 17:47:55,949 [INFO] Начинаем обработку документов для ИНН 2636218750
2026-01-28 17:47:56,009 [INFO] Применяем фильтр 'за месяц' для ИНН 2636218750
2026-01-28 17:47:56,009 [INFO] Пробуем применить период через диалог 'Фильтры'.
2026-01-28 17:47:56,009 [INFO] Открываем диалог фильтров документов.
2026-01-28 17:47:56,295 [INFO] Клик по кнопке 'Фильтры'.
2026-01-28 17:47:56,523 [INFO] Открываем селект типа даты.
2026-01-28 17:47:56,524 [INFO] Выбираем пункт меню: Получения
2026-01-28 17:47:56,759 [INFO] Ищем радиокнопку: Период
2026-01-28 17:47:56,910 [INFO] Радиокнопка выбрана: Период
2026-01-28 17:47:56,911 [INFO] Выбрана радиокнопка 'Период'.
2026-01-28 17:47:57,100 [INFO] Открываем список периодов.
2026-01-28 17:47:57,100 [INFO] Выбираем период: месяц.
2026-01-28 17:47:57,100 [INFO] Выбираем опцию периода 'Месяц'.
2026-01-28 17:47:57,186 [INFO] Найдена опция периода: За месяц
2026-01-28 17:47:57,344 [INFO] Применяем выбранные фильтры.
2026-01-28 17:47:57,599 [INFO] Клик по кнопке 'Применить'.
2026-01-28 17:47:57,644 [INFO] Ожидаем появление списка документов.
2026-01-28 17:47:59,695 [INFO] Отображается 87 строк(и) документов на странице.
2026-01-28 17:47:59,696 [INFO] Начинаем разбор 87 строк документов для ИНН 2636218750.
2026-01-28 17:47:59,696 [INFO] Обрабатываем строку #1 для ИНН 2636218750
2026-01-28 17:47:59,956 [INFO] Наводим курсор на отправителя для тултипа.
2026-01-28 17:48:00,487 [INFO] Получено имя отправителя из подсказки: Общество с ограниченной ответственностью "ИНТЕРНЕТ РЕШЕНИЯ"
2026-01-28 17:48:01,505 [INFO] Документ найден: id=11979da0-74c2-4836-9e29-4ede4e5b6846, name=Doclegal_12292144954480_Invoice_unsigned.pdf, sender=Общество с ограниченной ответственностью "ИНТЕРНЕТ РЕШЕНИЯ", date=2026-01-27, summ=None, summ_nds=None, status=False
2026-01-28 17:48:01,505 [INFO] Обрабатываем строку #2 для ИНН 2636218750
2026-01-28 17:48:01,727 [INFO] Наводим курсор на отправителя для тултипа.
2026-01-28 17:48:02,258 [INFO] Получено имя отправителя из подсказки: Общество с ограниченной ответственностью "ИНТЕРНЕТ РЕШЕНИЯ"
2026-01-28 17:48:03,122 [INFO] Обрабатываем строку #3 для ИНН 2636218750
2026-01-28 17:48:03,393 [INFO] Наводим курсор на отправителя для тултипа.
2026-01-28 17:48:03,968 [INFO] Получено имя отправителя из подсказки: Кайсарова Мария Ильинична
2026-01-28 17:48:04,808 [INFO] Документ найден: id=633316db-2c69-48eb-950a-e65733668afa, name=Акт №114 от 14.01.26, sender=Кайсарова Мария Ильинична, date=2026-01-26, summ=None, summ_nds=None, status=True
2026-01-28 17:48:04,808 [INFO] Обрабатываем строку #4 для ИНН 2636218750
2026-01-28 17:48:05,067 [INFO] Наводим курсор на отправителя для тултипа.
2026-01-28 17:48:05,576 [INFO] Получено имя отправителя из подсказки: Кайсарова Мария Ильинична
2026-01-28 17:48:06,570 [INFO] Обрабатываем строку #5 для ИНН 2636218750
2026-01-28 17:48:06,815 [INFO] Наводим курсор на отправителя для тултипа.
2026-01-28 17:48:07,369 [INFO] Получено имя отправителя из подсказки: Общество с ограниченной ответственностью "ИСТ-ВЕСТ ЛОДЖИСТИКС"
2026-01-28 17:48:08,151 [INFO] Документ найден: id=372d57eb-088c-46d4-a868-8e0118c4e437, name=УПД №1000043690 от 26.01.26, sender=Общество с ограниченной ответственностью "ИСТ-ВЕСТ ЛОДЖИСТИКС", date=2026-01-26, summ=None, summ_nds=1000043690.0, status=False
2026-01-28 17:48:08,152 [INFO] Обрабатываем строку #6 для ИНН 2636218750
2026-01-28 17:48:08,400 [INFO] Наводим курсор на отправителя для тултипа.
2026-01-28 17:48:08,945 [INFO] Получено имя отправителя из подсказки: Общество с ограниченной ответственностью "ИСТ-ВЕСТ ЛОДЖИСТИКС"
2026-01-28 17:48:09,766 [INFO] Обрабатываем строку #7 для ИНН 2636218750
2026-01-28 17:48:10,038 [INFO] Наводим курсор на отправителя для тултипа.
2026-01-28 17:48:10,580 [INFO] Получено имя отправителя из подсказки: Общество с ограниченной ответственностью "ИНТЕРНЕТ РЕШЕНИЯ"
2026-01-28 17:48:11,449 [INFO] Документ найден: id=cfaf56fd-6df1-4bbf-9d34-837586592499, name=Акт сверки 71837.XLS, sender=Общество с ограниченной ответственностью "ИНТЕРНЕТ РЕШЕНИЯ", date=2026-01-24, summ=None, summ_nds=None, status=False
2026-01-28 17:48:11,449 [INFO] Обрабатываем строку #8 для ИНН 2636218750
2026-01-28 17:48:11,704 [INFO] Наводим курсор на отправителя для тултипа.
2026-01-28 17:48:12,257 [INFO] Получено имя отправителя из подсказки: Общество с ограниченной ответственностью "ИНТЕРНЕТ РЕШЕНИЯ"
2026-01-28 17:48:13,156 [INFO] Обрабатываем строку #9 для ИНН 2636218750
2026-01-28 17:48:13,421 [INFO] Наводим курсор на отправителя для тултипа.
2026-01-28 17:48:14,019 [INFO] Получено имя отправителя из подсказки: Общество с ограниченной ответственностью "КЕХ еКоммерц"
2026-01-28 17:48:14,773 [INFO] Документ найден: id=f2ecec0f-57b2-491b-b749-9fd64c326a7f, name=Счет №086308 от 23.01.26, sender=Общество с ограниченной ответственностью "КЕХ еКоммерц", date=2026-01-24, summ=None, summ_nds=86308.0, status=False
2026-01-28 17:48:14,773 [INFO] Обрабатываем строку #10 для ИНН 2636218750
2026-01-28 17:48:15,020 [INFO] Наводим курсор на отправителя для тултипа.
2026-01-28 17:48:15,537 [INFO] Получено имя отправителя из подсказки: Общество с ограниченной ответственностью "КЕХ еКоммерц"
2026-01-28 17:48:16,256 [INFO] Обрабатываем строку #11 для ИНН 2636218750
2026-01-28 17:48:16,477 [INFO] Наводим курсор на отправителя для тултипа.
2026-01-28 17:48:16,994 [INFO] Получено имя отправителя из подсказки: Зархош-Оглы Баги Хизирович
2026-01-28 17:48:17,882 [INFO] Документ найден: id=7f466ac1-f27b-4489-9652-6aa1b02526ea, name=Счет на оплату № 65 от 20 января 2026 г.pdf, sender=Зархош-Оглы Баги Хизирович, date=2026-01-23, summ=None, summ_nds=None, status=False
2026-01-28 17:48:18,342 [INFO] Документ найден: id=a5e3ac84-cef2-42ca-ada0-4cb84e93538b, name=УПД №65 от 20 января 2026 г.pdf, sender=Зархош-Оглы Баги Хизирович, date=2026-01-23, summ=None, summ_nds=None, status=True
2026-01-28 17:48:18,842 [INFO] Документ найден: id=c9cb7747-d129-435d-b1f2-0ad3d34d38b3, name=Счет на оплату № 76 от 23 января 2026 г.pdf, sender=Зархош-Оглы Баги Хизирович, date=2026-01-23, summ=None, summ_nds=None, status=True
2026-01-28 17:48:19,331 [INFO] Документ найден: id=4e60f241-3a5f-47b9-a3c9-f35ffce68def, name=УПД №76 от 23 января 2026 г.pdf, sender=Зархош-Оглы Баги Хизирович, date=2026-01-23, summ=None, summ_nds=None, status=False
2026-01-28 17:48:19,332 [INFO] Обрабатываем строку #12 для ИНН 2636218750
2026-01-28 17:48:19,539 [INFO] Наводим курсор на отправителя для тултипа.
2026-01-28 17:48:20,051 [INFO] Получено имя отправителя из подсказки: Зархош-Оглы Баги Хизирович
2026-01-28 17:48:20,706 [INFO] Обрабатываем строку #13 для ИНН 2636218750
2026-01-28 17:48:21,572 [INFO] Документ найден: id=a5e3ac84-cef2-42ca-ada0-4cb84e93538b, name=УПД №65 от 20 января 2026 г.pdf, sender=, date=2026-01-23, summ=None, summ_nds=None, status=True
2026-01-28 17:48:21,572 [INFO] Обрабатываем строку #14 для ИНН 2636218750
2026-01-28 17:48:22,494 [INFO] Документ найден: id=c9cb7747-d129-435d-b1f2-0ad3d34d38b3, name=Счет на оплату № 76 от 23 января 2026 г.pdf, sender=, date=2026-01-23, summ=None, summ_nds=None, status=True
2026-01-28 17:48:22,495 [INFO] Обрабатываем строку #15 для ИНН 2636218750
2026-01-28 17:48:23,266 [INFO] Документ найден: id=4e60f241-3a5f-47b9-a3c9-f35ffce68def, name=УПД №76 от 23 января 2026 г.pdf, sender=, date=2026-01-23, summ=None, summ_nds=None, status=False
2026-01-28 17:48:23,267 [INFO] Обрабатываем строку #16 для ИНН 2636218750
2026-01-28 17:48:23,469 [INFO] Наводим курсор на отправителя для тултипа.
2026-01-28 17:48:24,091 [INFO] Получено имя отправителя из подсказки: Общество с ограниченной ответственностью "ИСТ-ВЕСТ ЛОДЖИСТИКС"
2026-01-28 17:48:25,054 [INFO] Документ найден: id=81ef746c-e397-4925-afe2-32785c8108df, name=УПД №1000038634 от 23.01.26, sender=Общество с ограниченной ответственностью "ИСТ-ВЕСТ ЛОДЖИСТИКС", date=2026-01-23, summ=None, summ_nds=1000038634.0, status=False
2026-01-28 17:48:25,054 [INFO] Обрабатываем строку #17 для ИНН 2636218750
2026-01-28 17:48:25,274 [INFO] Наводим курсор на отправителя для тултипа.
2026-01-28 17:48:25,868 [INFO] Получено имя отправителя из подсказки: Общество с ограниченной ответственностью "ИСТ-ВЕСТ ЛОДЖИСТИКС"
2026-01-28 17:48:26,700 [INFO] Обрабатываем строку #18 для ИНН 2636218750
2026-01-28 17:48:27,011 [INFO] Наводим курсор на отправителя для тултипа.
2026-01-28 17:48:27,550 [INFO] Получено имя отправителя из подсказки: Общество с ограниченной ответственностью "Додо Франчайзинг"
2026-01-28 17:48:28,386 [INFO] Документ найден: id=59399843-7323-42e2-baab-4d4c14d40b70, name=Акт сверки взаиморасчетов № 1012 от 22 января 2026 г 2636218750-263601001.pdf, sender=Общество с ограниченной ответственностью "Додо Франчайзинг", date=2026-01-22, summ=None, summ_nds=None, status=False
2026-01-28 17:48:28,386 [INFO] Обрабатываем строку #19 для ИНН 2636218750
2026-01-28 17:48:28,626 [INFO] Наводим курсор на отправителя для тултипа.
2026-01-28 17:48:29,142 [INFO] Получено имя отправителя из подсказки: Общество с ограниченной ответственностью "Додо Франчайзинг"
2026-01-28 17:48:29,963 [INFO] Обрабатываем строку #20 для ИНН 2636218750
2026-01-28 17:48:30,186 [INFO] Наводим курсор на отправителя для тултипа.
2026-01-28 17:48:30,706 [INFO] Получено имя отправителя из подсказки: Общество с ограниченной ответственностью "Додо Франчайзинг"
2026-01-28 17:48:31,405 [INFO] Документ найден: id=553dc909-a11c-4c46-afdf-0ca864bb000e, name=УПД №86025 от 31.12.25, sender=Общество с ограниченной ответственностью "Додо Франчайзинг", date=2026-01-22, summ=None, summ_nds=86025.0, status=False
2026-01-28 17:48:31,406 [INFO] Обрабатываем строку #21 для ИНН 2636218750
2026-01-28 17:48:31,642 [INFO] Наводим курсор на отправителя для тултипа.
2026-01-28 17:48:32,183 [INFO] Получено имя отправителя из подсказки: Общество с ограниченной ответственностью "Додо Франчайзинг"
2026-01-28 17:48:32,911 [INFO] Обрабатываем строку #22 для ИНН 2636218750
2026-01-28 17:48:33,149 [INFO] Наводим курсор на отправителя для тултипа.
2026-01-28 17:48:33,764 [INFO] Получено имя отправителя из подсказки: Педашенко Александр Алексеевич
2026-01-28 17:48:34,625 [INFO] Документ найден: id=677f5494-1342-43ed-84e8-86f98a006774, name=УПД №18 от 22.01.26, sender=Педашенко Александр Алексеевич, date=2026-01-22, summ=None, summ_nds=18.0, status=False
2026-01-28 17:48:34,625 [INFO] Обрабатываем строку #23 для ИНН 2636218750
2026-01-28 17:48:34,892 [INFO] Наводим курсор на отправителя для тултипа.
2026-01-28 17:48:35,433 [INFO] Получено имя отправителя из подсказки: Педашенко Александр Алексеевич
2026-01-28 17:48:36,143 [INFO] Обрабатываем строку #24 для ИНН 2636218750
2026-01-28 17:48:36,357 [INFO] Наводим курсор на отправителя для тултипа.
2026-01-28 17:48:36,946 [INFO] Получено имя отправителя из подсказки: Педашенко Александр Алексеевич
2026-01-28 17:48:37,930 [INFO] Документ найден: id=853b40a5-aaa5-43d0-adb8-a2f180770697, name=Schet na oplatu 19 22.01.2026 (22.01.2026 130730).xml, sender=Педашенко Александр Алексеевич, date=2026-01-22, summ=None, summ_nds=None, status=False
2026-01-28 17:48:37,930 [INFO] Обрабатываем строку #25 для ИНН 2636218750
2026-01-28 17:48:38,181 [INFO] Наводим курсор на отправителя для тултипа.
2026-01-28 17:48:38,795 [INFO] Получено имя отправителя из подсказки: Педашенко Александр Алексеевич
2026-01-28 17:48:40,303 [INFO] Обрабатываем строку #26 для ИНН 2636218750
2026-01-28 17:48:40,559 [INFO] Наводим курсор на отправителя для тултипа.
2026-01-28 17:48:41,125 [INFO] Получено имя отправителя из подсказки: Акционерное общество "Мобильные Видеорешения"
2026-01-28 17:48:42,192 [INFO] Документ найден: id=25d1ff7b-cf85-4c7e-815a-364a4172086f, name=Акт сверки №3754 от 21.01.26, sender=Акционерное общество "Мобильные Видеорешения", date=2026-01-22, summ=None, summ_nds=None, status=False
2026-01-28 17:48:42,192 [INFO] Обрабатываем строку #27 для ИНН 2636218750
2026-01-28 17:48:42,449 [INFO] Наводим курсор на отправителя для тултипа.
2026-01-28 17:48:42,977 [INFO] Получено имя отправителя из подсказки: Акционерное общество "Мобильные Видеорешения"
2026-01-28 17:48:43,851 [INFO] Обрабатываем строку #28 для ИНН 2636218750
2026-01-28 17:48:44,166 [INFO] Наводим курсор на отправителя для тултипа.
2026-01-28 17:48:44,694 [INFO] Получено имя отправителя из подсказки: Общество с ограниченной ответственностью "КЕХ еКоммерц"
2026-01-28 17:48:45,597 [INFO] Документ найден: id=d3726860-2a14-416b-a0af-ddc6568081b8, name=Акт сверки №617481, sender=Общество с ограниченной ответственностью "КЕХ еКоммерц", date=2026-01-22, summ=None, summ_nds=None, status=False
2026-01-28 17:48:45,597 [INFO] Обрабатываем строку #29 для ИНН 2636218750
2026-01-28 17:48:45,834 [INFO] Наводим курсор на отправителя для тултипа.
2026-01-28 17:48:46,377 [INFO] Получено имя отправителя из подсказки: Общество с ограниченной ответственностью "КЕХ еКоммерц"
2026-01-28 17:48:47,245 [INFO] Обрабатываем строку #30 для ИНН 2636218750
2026-01-28 17:48:47,508 [INFO] Наводим курсор на отправителя для тултипа.
2026-01-28 17:48:48,065 [INFO] Получено имя отправителя из подсказки: КЛЫБА МАКСИМ ОЛЕГОВИЧ
2026-01-28 17:48:48,839 [INFO] Документ найден: id=456ac98a-801b-4879-a2c1-c339e08c7c55, name=Акт №4 от 20.01.26, sender=КЛЫБА МАКСИМ ОЛЕГОВИЧ, date=2026-01-21, summ=None, summ_nds=None, status=True
2026-01-28 17:48:48,839 [INFO] Обрабатываем строку #31 для ИНН 2636218750
2026-01-28 17:48:49,086 [INFO] Наводим курсор на отправителя для тултипа.
2026-01-28 17:48:49,592 [INFO] Получено имя отправителя из подсказки: КЛЫБА МАКСИМ ОЛЕГОВИЧ
2026-01-28 17:48:50,317 [INFO] Обрабатываем строку #32 для ИНН 2636218750
2026-01-28 17:48:50,624 [INFO] Наводим курсор на отправителя для тултипа.
2026-01-28 17:48:51,186 [INFO] Получено имя отправителя из подсказки: Общество с ограниченной ответственностью "ИНТЕРНЕТ РЕШЕНИЯ"
2026-01-28 17:48:51,950 [INFO] Документ найден: id=23d931a2-89bf-46fc-a476-242c00fc13ad, name=УПД №792965/34 от 20.01.26, sender=Общество с ограниченной ответственностью "ИНТЕРНЕТ РЕШЕНИЯ", date=2026-01-21, summ=None, summ_nds=None, status=True
2026-01-28 17:48:51,950 [INFO] Обрабатываем строку #33 для ИНН 2636218750
2026-01-28 17:48:52,254 [INFO] Наводим курсор на отправителя для тултипа.
2026-01-28 17:48:52,824 [INFO] Получено имя отправителя из подсказки: Общество с ограниченной ответственностью "ИНТЕРНЕТ РЕШЕНИЯ"
2026-01-28 17:48:53,699 [INFO] Обрабатываем строку #34 для ИНН 2636218750
2026-01-28 17:48:53,952 [INFO] Наводим курсор на отправителя для тултипа.
2026-01-28 17:48:54,557 [INFO] Получено имя отправителя из подсказки: Общество с ограниченной ответственностью "Шанс"
2026-01-28 17:48:55,256 [INFO] Документ найден: id=472eb9c6-f69f-42cf-a601-84f6493e986f, name=УПД №С53_341859 от 20.01.26, sender=Общество с ограниченной ответственностью "Шанс", date=2026-01-20, summ=None, summ_nds=53.0, status=False
2026-01-28 17:48:55,257 [INFO] Обрабатываем строку #35 для ИНН 2636218750
2026-01-28 17:48:55,473 [INFO] Наводим курсор на отправителя для тултипа.
2026-01-28 17:48:56,061 [INFO] Получено имя отправителя из подсказки: Общество с ограниченной ответственностью "Шанс"
2026-01-28 17:48:56,976 [INFO] Обрабатываем строку #36 для ИНН 2636218750
2026-01-28 17:48:57,207 [INFO] Наводим курсор на отправителя для тултипа.
2026-01-28 17:48:57,732 [INFO] Получено имя отправителя из подсказки: Общество с ограниченной ответственностью "Хэдхантер"
2026-01-28 17:48:58,929 [INFO] Документ найден: id=02f47b1e-a7a7-4202-bc4f-00cd8fe15b9d, name=Акт сверки №00000378792 от 19.01.26, sender=Общество с ограниченной ответственностью "Хэдхантер", date=2026-01-20, summ=None, summ_nds=None, status=False
2026-01-28 17:48:58,929 [INFO] Обрабатываем строку #37 для ИНН 2636218750
2026-01-28 17:48:59,177 [INFO] Наводим курсор на отправителя для тултипа.
2026-01-28 17:48:59,712 [INFO] Получено имя отправителя из подсказки: Общество с ограниченной ответственностью "Хэдхантер"
2026-01-28 17:49:00,750 [INFO] Обрабатываем строку #38 для ИНН 2636218750
2026-01-28 17:49:01,006 [INFO] Наводим курсор на отправителя для тултипа.
2026-01-28 17:49:01,535 [INFO] Получено имя отправителя из подсказки: Биджева Умукусюм Магомедовна
2026-01-28 17:49:02,417 [INFO] Документ найден: id=e0246ae3-c445-4ef8-8c9d-e8dda31948bb, name=Акт №11 от 29.12.25, sender=Биджева Умукусюм Магомедовна, date=2026-01-19, summ=None, summ_nds=None, status=True
2026-01-28 17:49:02,977 [INFO] Документ найден: id=b0dace42-5ed6-4994-b02b-07ccca90ea11, name=Счет №11 от 29.12.25, sender=Биджева Умукусюм Магомедовна, date=2026-01-19, summ=None, summ_nds=None, status=False
2026-01-28 17:49:02,978 [INFO] Обрабатываем строку #39 для ИНН 2636218750
2026-01-28 17:49:03,184 [INFO] Наводим курсор на отправителя для тултипа.
2026-01-28 17:49:03,685 [INFO] Получено имя отправителя из подсказки: Биджева Умукусюм Магомедовна
2026-01-28 17:49:04,554 [INFO] Обрабатываем строку #40 для ИНН 2636218750
2026-01-28 17:49:05,591 [INFO] Документ найден: id=b0dace42-5ed6-4994-b02b-07ccca90ea11, name=Счет №11 от 29.12.25, sender=, date=2026-01-19, summ=None, summ_nds=None, status=False
2026-01-28 17:49:05,592 [INFO] Обрабатываем строку #41 для ИНН 2636218750
2026-01-28 17:49:05,856 [INFO] Наводим курсор на отправителя для тултипа.
2026-01-28 17:49:06,416 [INFO] Получено имя отправителя из подсказки: Зархош-Оглы Баги Хизирович
2026-01-28 17:49:07,305 [INFO] Документ найден: id=6f252c53-fb7b-4772-8893-b51f6bb34b94, name=Счет на оплату № 53 от 16 января 2026 г.pdf, sender=Зархош-Оглы Баги Хизирович, date=2026-01-19, summ=None, summ_nds=None, status=True
2026-01-28 17:49:07,821 [INFO] Документ найден: id=3db28551-e09a-475b-9d61-dbeae8f186dc, name=УПД №53 от 16 января 2026 г.pdf, sender=Зархош-Оглы Баги Хизирович, date=2026-01-19, summ=None, summ_nds=None, status=True
2026-01-28 17:49:07,821 [INFO] Обрабатываем строку #42 для ИНН 2636218750
2026-01-28 17:49:08,107 [INFO] Наводим курсор на отправителя для тултипа.
2026-01-28 17:49:08,691 [INFO] Получено имя отправителя из подсказки: Зархош-Оглы Баги Хизирович
2026-01-28 17:49:09,605 [INFO] Обрабатываем строку #43 для ИНН 2636218750
2026-01-28 17:49:10,741 [INFO] Документ найден: id=3db28551-e09a-475b-9d61-dbeae8f186dc, name=УПД №53 от 16 января 2026 г.pdf, sender=, date=2026-01-19, summ=None, summ_nds=None, status=True
2026-01-28 17:49:10,742 [INFO] Обрабатываем строку #44 для ИНН 2636218750
2026-01-28 17:49:11,012 [INFO] Наводим курсор на отправителя для тултипа.
2026-01-28 17:49:11,644 [INFO] Получено имя отправителя из подсказки: Общество с ограниченной ответственностью "ИСТ-ВЕСТ ЛОДЖИСТИКС"
2026-01-28 17:49:12,823 [INFO] Документ найден: id=bbb092db-ad00-4dff-875c-1c185d1e6486, name=УПД №1000030607 от 19.01.26, sender=Общество с ограниченной ответственностью "ИСТ-ВЕСТ ЛОДЖИСТИКС", date=2026-01-19, summ=None, summ_nds=1000030607.0, status=True
2026-01-28 17:49:12,823 [INFO] Обрабатываем строку #45 для ИНН 2636218750
2026-01-28 17:49:13,044 [INFO] Наводим курсор на отправителя для тултипа.
2026-01-28 17:49:13,555 [INFO] Получено имя отправителя из подсказки: Общество с ограниченной ответственностью "ИСТ-ВЕСТ ЛОДЖИСТИКС"
2026-01-28 17:49:14,388 [INFO] Обрабатываем строку #46 для ИНН 2636218750
2026-01-28 17:49:14,643 [INFO] Наводим курсор на отправителя для тултипа.
2026-01-28 17:49:15,226 [INFO] Получено имя отправителя из подсказки: Общество с ограниченной ответственностью "ИСТ-ВЕСТ ЛОДЖИСТИКС"
2026-01-28 17:49:16,209 [INFO] Документ найден: id=0e6356c7-920b-43c5-abfd-9d1bad779a6c, name=2000_1000016968_2636218750_01102025_31122025ООО _Ставрополь-3_.pdf, sender=Общество с ограниченной ответственностью "ИСТ-ВЕСТ ЛОДЖИСТИКС", date=2026-01-16, summ=None, summ_nds=None, status=False
2026-01-28 17:49:16,210 [INFO] Обрабатываем строку #47 для ИНН 2636218750
2026-01-28 17:49:16,427 [INFO] Наводим курсор на отправителя для тултипа.
2026-01-28 17:49:16,930 [INFO] Получено имя отправителя из подсказки: Общество с ограниченной ответственностью "ИСТ-ВЕСТ ЛОДЖИСТИКС"
2026-01-28 17:49:17,756 [INFO] Обрабатываем строку #48 для ИНН 2636218750
2026-01-28 17:49:18,000 [INFO] Наводим курсор на отправителя для тултипа.
2026-01-28 17:49:18,571 [INFO] Получено имя отправителя из подсказки: Общество с ограниченной ответственностью "ИСТ-ВЕСТ ЛОДЖИСТИКС"
2026-01-28 17:49:19,679 [INFO] Документ найден: id=4005d9b0-d58a-4417-ad66-44388459ebf4, name=УПД №1000025715 от 16.01.26, sender=Общество с ограниченной ответственностью "ИСТ-ВЕСТ ЛОДЖИСТИКС", date=2026-01-16, summ=None, summ_nds=1000025715.0, status=True
2026-01-28 17:49:19,679 [INFO] Обрабатываем строку #49 для ИНН 2636218750
2026-01-28 17:49:19,923 [INFO] Наводим курсор на отправителя для тултипа.
2026-01-28 17:49:20,272 [INFO] Получено имя отправителя из подсказки: Общество с ограниченной ответственностью "ИСТ-ВЕСТ ЛОДЖИСТИКС"
2026-01-28 17:49:21,298 [INFO] Обрабатываем строку #50 для ИНН 2636218750
2026-01-28 17:49:21,521 [INFO] Наводим курсор на отправителя для тултипа.
2026-01-28 17:49:22,132 [INFO] Получено имя отправителя из подсказки: Зархош-Оглы Баги Хизирович
2026-01-28 17:49:23,189 [INFO] Документ найден: id=af4551d4-52da-4749-82fc-24afa60bc210, name=УПД №41 от 13 января 2026 г.pdf, sender=Зархош-Оглы Баги Хизирович, date=2026-01-15, summ=None, summ_nds=None, status=True
2026-01-28 17:49:23,686 [INFO] Документ найден: id=9df29198-33b9-438b-a155-29a46030c91c, name=Счет на оплату № 41 от 13 января 2026 г.pdf, sender=Зархош-Оглы Баги Хизирович, date=2026-01-15, summ=None, summ_nds=None, status=True
2026-01-28 17:49:23,686 [INFO] Обрабатываем строку #51 для ИНН 2636218750
2026-01-28 17:49:23,901 [INFO] Наводим курсор на отправителя для тултипа.
2026-01-28 17:49:24,486 [INFO] Получено имя отправителя из подсказки: Зархош-Оглы Баги Хизирович
2026-01-28 17:49:25,470 [INFO] Обрабатываем строку #52 для ИНН 2636218750
2026-01-28 17:49:26,290 [INFO] Документ найден: id=9df29198-33b9-438b-a155-29a46030c91c, name=Счет на оплату № 41 от 13 января 2026 г.pdf, sender=, date=2026-01-15, summ=None, summ_nds=None, status=True
2026-01-28 17:49:26,290 [INFO] Обрабатываем строку #53 для ИНН 2636218750
2026-01-28 17:49:26,592 [INFO] Наводим курсор на отправителя для тултипа.
2026-01-28 17:49:27,136 [INFO] Получено имя отправителя из подсказки: Желтышева Наталья Васильевна
2026-01-28 17:49:27,901 [INFO] Документ найден: id=617ea0bb-afb4-4a5e-90a1-efe9cc954157, name=Счет_№341_26.12.2025_Ст-3.pdf, sender=Желтышева Наталья Васильевна, date=2026-01-14, summ=None, summ_nds=None, status=False
2026-01-28 17:49:27,901 [INFO] Обрабатываем строку #54 для ИНН 2636218750
2026-01-28 17:49:28,108 [INFO] Наводим курсор на отправителя для тултипа.
2026-01-28 17:49:28,607 [INFO] Получено имя отправителя из подсказки: Желтышева Наталья Васильевна
2026-01-28 17:49:29,385 [INFO] Обрабатываем строку #55 для ИНН 2636218750
2026-01-28 17:49:29,616 [INFO] Наводим курсор на отправителя для тултипа.
2026-01-28 17:49:30,143 [INFO] Получено имя отправителя из подсказки: Желтышева Наталья Васильевна
2026-01-28 17:49:31,029 [INFO] Документ найден: id=9141659e-668a-42eb-bd16-bd7826f9586b, name=Акт №325-2025 от 26.12.25, sender=Желтышева Наталья Васильевна, date=2026-01-14, summ=None, summ_nds=325.0, status=True
2026-01-28 17:49:31,029 [INFO] Обрабатываем строку #56 для ИНН 2636218750
2026-01-28 17:49:31,318 [INFO] Наводим курсор на отправителя для тултипа.
2026-01-28 17:49:31,824 [INFO] Получено имя отправителя из подсказки: Желтышева Наталья Васильевна
2026-01-28 17:49:32,540 [INFO] Обрабатываем строку #57 для ИНН 2636218750
2026-01-28 17:49:32,769 [INFO] Наводим курсор на отправителя для тултипа.
2026-01-28 17:49:33,296 [INFO] Получено имя отправителя из подсказки: Общество с ограниченной ответственностью "Шанс"
2026-01-28 17:49:34,117 [INFO] Документ найден: id=6d2dc883-14ae-4c83-a040-abe9d055d703, name=УПД №С53_340661 от 13.01.26, sender=Общество с ограниченной ответственностью "Шанс", date=2026-01-14, summ=None, summ_nds=53.0, status=True
2026-01-28 17:49:34,118 [INFO] Обрабатываем строку #58 для ИНН 2636218750
2026-01-28 17:49:34,342 [INFO] Наводим курсор на отправителя для тултипа.
2026-01-28 17:49:34,884 [INFO] Получено имя отправителя из подсказки: Общество с ограниченной ответственностью "Шанс"
2026-01-28 17:49:35,713 [INFO] Обрабатываем строку #59 для ИНН 2636218750
2026-01-28 17:49:35,945 [INFO] Наводим курсор на отправителя для тултипа.
2026-01-28 17:49:36,543 [INFO] Получено имя отправителя из подсказки: Акционерное общество "Мобильные Видеорешения"
2026-01-28 17:49:37,822 [INFO] Документ найден: id=b752df87-9cfa-4d7d-8052-8bb54a30888c, name=УПД №65619 от 31.12.25, sender=Акционерное общество "Мобильные Видеорешения", date=2026-01-14, summ=None, summ_nds=None, status=False
2026-01-28 17:49:37,822 [INFO] Обрабатываем строку #60 для ИНН 2636218750
2026-01-28 17:49:38,044 [INFO] Наводим курсор на отправителя для тултипа.
2026-01-28 17:49:38,626 [INFO] Получено имя отправителя из подсказки: Акционерное общество "Мобильные Видеорешения"
2026-01-28 17:49:39,583 [INFO] Обрабатываем строку #61 для ИНН 2636218750
2026-01-28 17:49:39,814 [INFO] Наводим курсор на отправителя для тултипа.
2026-01-28 17:49:40,342 [INFO] Получено имя отправителя из подсказки: Общество с ограниченной ответственностью "Додо Кц Сыктывкар"
2026-01-28 17:49:41,192 [INFO] Документ найден: id=286acdf2-a040-449a-8f19-87efe55b9b0d, name=Акт сверки взаиморасчетов № 1449 от 13 января 2026 г 2636218750-263601001.pdf, sender=Общество с ограниченной ответственностью "Додо Кц Сыктывкар", date=2026-01-13, summ=None, summ_nds=None, status=False
2026-01-28 17:49:41,192 [INFO] Обрабатываем строку #62 для ИНН 2636218750
2026-01-28 17:49:41,420 [INFO] Наводим курсор на отправителя для тултипа.
2026-01-28 17:49:41,930 [INFO] Получено имя отправителя из подсказки: Общество с ограниченной ответственностью "Додо Кц Сыктывкар"
2026-01-28 17:49:42,726 [INFO] Обрабатываем строку #63 для ИНН 2636218750
2026-01-28 17:49:42,960 [INFO] Наводим курсор на отправителя для тултипа.
2026-01-28 17:49:43,496 [INFO] Получено имя отправителя из подсказки: Общество с ограниченной ответственностью "КЕХ еКоммерц"
2026-01-28 17:49:44,372 [INFO] Документ найден: id=1ad60dad-5e8c-4d1e-a3da-5343af866e6d, name=УПД №12-1183735 от 31.12.25, sender=Общество с ограниченной ответственностью "КЕХ еКоммерц", date=2026-01-13, summ=None, summ_nds=12.0, status=False
2026-01-28 17:49:44,372 [INFO] Обрабатываем строку #64 для ИНН 2636218750
2026-01-28 17:49:44,630 [INFO] Наводим курсор на отправителя для тултипа.
2026-01-28 17:49:45,235 [INFO] Получено имя отправителя из подсказки: Общество с ограниченной ответственностью "КЕХ еКоммерц"
2026-01-28 17:49:46,558 [INFO] Обрабатываем строку #65 для ИНН 2636218750
2026-01-28 17:49:46,788 [INFO] Наводим курсор на отправителя для тултипа.
2026-01-28 17:49:47,346 [INFO] Получено имя отправителя из подсказки: Общество с ограниченной ответственностью "Рабочие Руки"
2026-01-28 17:49:48,307 [INFO] Документ найден: id=ddbe5485-5c3e-44c8-a224-100ebe2aaee2, name=УПД №3523П от 31.12.25, sender=Общество с ограниченной ответственностью "Рабочие Руки", date=2026-01-13, summ=None, summ_nds=None, status=True
2026-01-28 17:49:48,809 [INFO] Документ найден: id=ded8e64e-0eea-4955-9afc-51553453b094, name=Отчет агента от 31.12.25 №3523П.docx, sender=Общество с ограниченной ответственностью "Рабочие Руки", date=2026-01-13, summ=None, summ_nds=None, status=True
2026-01-28 17:49:49,289 [INFO] Документ найден: id=bfa5bd41-91cc-442d-af8a-9accec71bf69, name=Приложение №1 к отчету агента от 31.12.25 №3523П.xlsx, sender=Общество с ограниченной ответственностью "Рабочие Руки", date=2026-01-13, summ=None, summ_nds=None, status=True
2026-01-28 17:49:49,289 [INFO] Обрабатываем строку #66 для ИНН 2636218750
2026-01-28 17:49:49,544 [INFO] Наводим курсор на отправителя для тултипа.
2026-01-28 17:49:49,875 [INFO] Получено имя отправителя из подсказки: Общество с ограниченной ответственностью "Рабочие Руки"
2026-01-28 17:49:50,778 [INFO] Обрабатываем строку #67 для ИНН 2636218750
2026-01-28 17:49:51,603 [INFO] Документ найден: id=ded8e64e-0eea-4955-9afc-51553453b094, name=Отчет агента от 31.12.25 №3523П.docx, sender=, date=2026-01-13, summ=None, summ_nds=None, status=True
2026-01-28 17:49:51,603 [INFO] Обрабатываем строку #68 для ИНН 2636218750
2026-01-28 17:49:52,445 [INFO] Документ найден: id=bfa5bd41-91cc-442d-af8a-9accec71bf69, name=Приложение №1 к отчету агента от 31.12.25 №3523П.xlsx, sender=, date=2026-01-13, summ=None, summ_nds=None, status=True
2026-01-28 17:49:52,445 [INFO] Обрабатываем строку #69 для ИНН 2636218750
2026-01-28 17:49:52,665 [INFO] Наводим курсор на отправителя для тултипа.
2026-01-28 17:49:53,271 [INFO] Получено имя отправителя из подсказки: Межрегиональная Общественная организация Содействия Программе Воспитания Подрастающего Поколения "Старшие Братья Старшие Сестры"
2026-01-28 17:49:54,480 [INFO] Документ найден: id=03f26f31-e892-4a8d-9aa0-33b611c59b38, name=318_2636218750_ООО СТАВРОПОЛЬ-3_31812.01.2026.pdf, sender=Межрегиональная Общественная организация Содействия Программе Воспитания Подрастающего Поколения "Старшие Братья Старшие Сестры", date=2026-01-13, summ=None, summ_nds=None, status=True
2026-01-28 17:49:54,480 [INFO] Обрабатываем строку #70 для ИНН 2636218750
2026-01-28 17:49:54,706 [INFO] Наводим курсор на отправителя для тултипа.
2026-01-28 17:49:55,267 [INFO] Получено имя отправителя из подсказки: Межрегиональная Общественная организация Содействия Программе Воспитания Подрастающего Поколения "Старшие Братья Старшие Сестры"
2026-01-28 17:49:56,213 [INFO] Обрабатываем строку #71 для ИНН 2636218750
2026-01-28 17:49:56,434 [INFO] Наводим курсор на отправителя для тултипа.
2026-01-28 17:49:56,954 [INFO] Получено имя отправителя из подсказки: Попов Евгений Янович
2026-01-28 17:49:57,784 [INFO] Документ найден: id=26d907c7-68b1-4444-af1a-adf8a1b6307e, name=Акт №37 от 01.01.26, sender=Попов Евгений Янович, date=2026-01-13, summ=None, summ_nds=None, status=True
2026-01-28 17:49:57,784 [INFO] Обрабатываем строку #72 для ИНН 2636218750
2026-01-28 17:49:58,009 [INFO] Наводим курсор на отправителя для тултипа.
2026-01-28 17:49:58,514 [INFO] Получено имя отправителя из подсказки: Попов Евгений Янович
2026-01-28 17:49:59,370 [INFO] Обрабатываем строку #73 для ИНН 2636218750
2026-01-28 17:49:59,589 [INFO] Наводим курсор на отправителя для тултипа.
2026-01-28 17:50:00,128 [INFO] Получено имя отправителя из подсказки: Общество с ограниченной ответственностью "Додо Франчайзинг"
2026-01-28 17:50:01,527 [INFO] Документ найден: id=ef8475f9-e8d8-4b19-8541-913821e9cc78, name=Счет на оплату № 29157 от 31 декабря 2025 г 2636218750-263601001.pdf, sender=Общество с ограниченной ответственностью "Додо Франчайзинг", date=2026-01-13, summ=None, summ_nds=83583.0, status=False
2026-01-28 17:50:02,099 [INFO] Документ найден: id=14fda7d1-3b11-4fa7-bcfe-10c3cbc046bc, name=Счет на оплату № 29157 от 31 декабря 2025 г 2636218750-263601001.pdf, sender=Общество с ограниченной ответственностью "Додо Франчайзинг", date=2026-01-13, summ=None, summ_nds=83583.0, status=True
2026-01-28 17:50:02,606 [INFO] Документ найден: id=242fa335-34d0-498b-b706-283642fc3e59, name=Акт об оказании услуг № 48510 от 31 декабря 2025 г. 2636218750-263601001.pdf, sender=Общество с ограниченной ответственностью "Додо Франчайзинг", date=2026-01-13, summ=None, summ_nds=83583.0, status=True
2026-01-28 17:50:02,961 [INFO] Документ найден: id=51ef5624-309f-4c96-aa8d-25a7b7103259, name=УПД №83583 от 31.12.25, sender=Общество с ограниченной ответственностью "Додо Франчайзинг", date=2026-01-13, summ=None, summ_nds=83583.0, status=True
2026-01-28 17:50:02,961 [INFO] Обрабатываем строку #74 для ИНН 2636218750
2026-01-28 17:50:03,178 [INFO] Наводим курсор на отправителя для тултипа.
2026-01-28 17:50:03,759 [INFO] Получено имя отправителя из подсказки: Общество с ограниченной ответственностью "Додо Франчайзинг"
2026-01-28 17:50:04,607 [INFO] Обрабатываем строку #75 для ИНН 2636218750
2026-01-28 17:50:05,535 [INFO] Документ найден: id=14fda7d1-3b11-4fa7-bcfe-10c3cbc046bc, name=14fda7d1-3b11-4fa7-bcfe-10c3cbc046bc, sender=, date=2026-01-13, summ=None, summ_nds=None, status=True
2026-01-28 17:50:05,535 [INFO] Обрабатываем строку #76 для ИНН 2636218750
2026-01-28 17:50:06,349 [INFO] Документ найден: id=242fa335-34d0-498b-b706-283642fc3e59, name=Акт об оказании услуг № 48510 от 31 декабря 2025 г. 2636218750-263601001.pdf, sender=, date=2026-01-13, summ=None, summ_nds=None, status=True
2026-01-28 17:50:06,350 [INFO] Обрабатываем строку #77 для ИНН 2636218750
2026-01-28 17:50:07,126 [INFO] Документ найден: id=51ef5624-309f-4c96-aa8d-25a7b7103259, name=УПД №83583 от 31.12.25, sender=, date=2026-01-13, summ=None, summ_nds=83583.0, status=True
2026-01-28 17:50:07,126 [INFO] Обрабатываем строку #78 для ИНН 2636218750
2026-01-28 17:50:07,360 [INFO] Наводим курсор на отправителя для тултипа.
2026-01-28 17:50:07,920 [INFO] Получено имя отправителя из подсказки: Общество с ограниченной ответственностью "Додо Кц Сыктывкар"
2026-01-28 17:50:08,761 [INFO] Документ найден: id=414724ce-07f1-4ebf-801f-5fa833aa30d8, name=УПД №20517 от 31.12.25, sender=Общество с ограниченной ответственностью "Додо Кц Сыктывкар", date=2026-01-12, summ=None, summ_nds=20517.0, status=True
2026-01-28 17:50:09,334 [INFO] Документ найден: id=b5d249c7-1f74-4270-b000-1f32c60041c6, name=УПД №20517 от 31.12.25, sender=Общество с ограниченной ответственностью "Додо Кц Сыктывкар", date=2026-01-12, summ=None, summ_nds=20517.0, status=True
2026-01-28 17:50:09,334 [INFO] Обрабатываем строку #79 для ИНН 2636218750
2026-01-28 17:50:09,557 [INFO] Наводим курсор на отправителя для тултипа.
2026-01-28 17:50:10,148 [INFO] Получено имя отправителя из подсказки: Общество с ограниченной ответственностью "Додо Кц Сыктывкар"
2026-01-28 17:50:10,922 [INFO] Обрабатываем строку #80 для ИНН 2636218750
2026-01-28 17:50:11,981 [INFO] Документ найден: id=b5d249c7-1f74-4270-b000-1f32c60041c6, name=b5d249c7-1f74-4270-b000-1f32c60041c6, sender=, date=2026-01-12, summ=None, summ_nds=None, status=True
2026-01-28 17:50:11,981 [INFO] Обрабатываем строку #81 для ИНН 2636218750
2026-01-28 17:50:12,217 [INFO] Наводим курсор на отправителя для тултипа.
2026-01-28 17:50:12,784 [INFO] Получено имя отправителя из подсказки: Общество с ограниченной ответственностью "Додо Кц Сыктывкар"
2026-01-28 17:50:13,667 [INFO] Документ найден: id=7bf29a8c-b14a-4e3e-8ca4-d9a0fa529464, name=Schet na oplatu 7496 31.12.2025 (12.01.2026 161625).xml, sender=Общество с ограниченной ответственностью "Додо Кц Сыктывкар", date=2026-01-12, summ=None, summ_nds=None, status=False
2026-01-28 17:50:14,150 [INFO] Документ найден: id=a868a284-82bd-4c5f-aaae-5c2b3f9e24d2, name=Счет на оплату № 7496 от 31 декабря 2025 г 2636218750-263601001.pdf, sender=Общество с ограниченной ответственностью "Додо Кц Сыктывкар", date=2026-01-12, summ=None, summ_nds=None, status=False
2026-01-28 17:50:14,150 [INFO] Обрабатываем строку #82 для ИНН 2636218750
2026-01-28 17:50:14,390 [INFO] Наводим курсор на отправителя для тултипа.
2026-01-28 17:50:15,004 [INFO] Получено имя отправителя из подсказки: Общество с ограниченной ответственностью "Додо Кц Сыктывкар"
2026-01-28 17:50:15,851 [INFO] Обрабатываем строку #83 для ИНН 2636218750
2026-01-28 17:50:16,694 [INFO] Документ найден: id=a868a284-82bd-4c5f-aaae-5c2b3f9e24d2, name=Счет на оплату № 7496 от 31 декабря 2025 г 2636218750-263601001.pdf, sender=, date=2026-01-12, summ=None, summ_nds=None, status=False
2026-01-28 17:50:16,694 [INFO] Обрабатываем строку #84 для ИНН 2636218750
2026-01-28 17:50:16,921 [INFO] Наводим курсор на отправителя для тултипа.
2026-01-28 17:50:17,529 [INFO] Получено имя отправителя из подсказки: Кайсарова Мария Ильинична
2026-01-28 17:50:18,737 [INFO] Документ найден: id=63e0c715-e371-47c5-a650-272685151c06, name=Акт №102 от 25.12.25, sender=Кайсарова Мария Ильинична, date=2026-01-12, summ=None, summ_nds=None, status=True
2026-01-28 17:50:18,737 [INFO] Обрабатываем строку #85 для ИНН 2636218750
2026-01-28 17:50:18,967 [INFO] Наводим курсор на отправителя для тултипа.
2026-01-28 17:50:19,497 [INFO] Получено имя отправителя из подсказки: Кайсарова Мария Ильинична
2026-01-28 17:50:20,141 [INFO] Обрабатываем строку #86 для ИНН 2636218750
2026-01-28 17:50:20,388 [INFO] Наводим курсор на отправителя для тултипа.
2026-01-28 17:50:20,978 [INFO] Получено имя отправителя из подсказки: Общество с ограниченной ответственностью "Шанс"
2026-01-28 17:50:21,804 [INFO] Документ найден: id=2f664627-7bc6-4c15-8337-ba1335c94f17, name=УПД №С53_339408 от 30.12.25, sender=Общество с ограниченной ответственностью "Шанс", date=2026-01-12, summ=None, summ_nds=53.0, status=True
2026-01-28 17:50:21,804 [INFO] Обрабатываем строку #87 для ИНН 2636218750
2026-01-28 17:50:22,088 [INFO] Наводим курсор на отправителя для тултипа.
2026-01-28 17:50:22,592 [INFO] Получено имя отправителя из подсказки: Общество с ограниченной ответственностью "Шанс"
2026-01-28 17:50:23,249 [INFO] Собрано 63 документов на странице для ИНН 2636218750.
2026-01-28 17:50:23,841 [INFO] Получено 0 существующих записей из Supabase для проверки.
2026-01-28 17:50:24,329 [INFO] В Supabase добавлено 63 новых записей.
2026-01-28 17:51:31,072 [ERROR] Не удалось вернуться к списку ящиков после ИНН 2636218750 (попытка 1): TimeoutException()
2026-01-28 17:51:36,455 [INFO] Страница выбора ящика загружена: https://diadoc.kontur.ru/Box/Selection
2026-01-28 17:51:36,455 [INFO] Вернулись к списку ящиков после ИНН 2636218750.
2026-01-28 17:51:36,455 [INFO] Открываем карточку ИНН 2376005772
2026-01-28 17:51:40,975 [INFO] Карточка ИНН 2376005772 открыта, начинаем обработку документов.
2026-01-28 17:51:40,976 [INFO] Начинаем обработку документов для ИНН 2376005772
2026-01-28 17:51:41,033 [INFO] Применяем фильтр 'за месяц' для ИНН 2376005772
2026-01-28 17:51:41,034 [INFO] Пробуем применить период через диалог 'Фильтры'.
2026-01-28 17:51:41,035 [INFO] Открываем диалог фильтров документов.
2026-01-28 17:51:41,299 [INFO] Клик по кнопке 'Фильтры'.
2026-01-28 17:51:41,547 [INFO] Открываем селект типа даты.
2026-01-28 17:51:41,547 [INFO] Выбираем пункт меню: Получения
2026-01-28 17:51:41,811 [INFO] Ищем радиокнопку: Период
2026-01-28 17:51:41,971 [INFO] Радиокнопка выбрана: Период
2026-01-28 17:51:41,971 [INFO] Выбрана радиокнопка 'Период'.
2026-01-28 17:51:42,219 [INFO] Открываем список периодов.
2026-01-28 17:51:42,220 [INFO] Выбираем период: месяц.
2026-01-28 17:51:42,220 [INFO] Выбираем опцию периода 'Месяц'.
2026-01-28 17:51:42,297 [INFO] Найдена опция периода: За месяц
2026-01-28 17:51:42,528 [INFO] Применяем выбранные фильтры.
2026-01-28 17:51:42,734 [INFO] Клик по кнопке 'Применить'.
2026-01-28 17:51:42,767 [INFO] Ожидаем появление списка документов.
2026-01-28 17:51:44,975 [INFO] Отображается 92 строк(и) документов на странице.
2026-01-28 17:51:44,975 [INFO] Начинаем разбор 92 строк документов для ИНН 2376005772.
2026-01-28 17:51:44,975 [INFO] Обрабатываем строку #1 для ИНН 2376005772
2026-01-28 17:51:45,201 [INFO] Наводим курсор на отправителя для тултипа.
2026-01-28 17:51:45,715 [INFO] Получено имя отправителя из подсказки: Общество с ограниченной ответственностью "ИНТЕРНЕТ РЕШЕНИЯ"
2026-01-28 17:51:46,749 [INFO] Документ найден: id=055cab2a-3f21-4c07-815c-26f838a81c0a, name=Doclegal_12292172619170_Invoice_unsigned.pdf, sender=Общество с ограниченной ответственностью "ИНТЕРНЕТ РЕШЕНИЯ", date=2026-01-27, summ=None, summ_nds=None, status=False
2026-01-28 17:51:46,749 [INFO] Обрабатываем строку #2 для ИНН 2376005772
2026-01-28 17:51:46,979 [INFO] Наводим курсор на отправителя для тултипа.
2026-01-28 17:51:47,526 [INFO] Получено имя отправителя из подсказки: Общество с ограниченной ответственностью "ИНТЕРНЕТ РЕШЕНИЯ"
2026-01-28 17:51:48,589 [INFO] Обрабатываем строку #3 для ИНН 2376005772
2026-01-28 17:51:48,830 [INFO] Наводим курсор на отправителя для тултипа.
2026-01-28 17:51:49,178 [INFO] Получено имя отправителя из подсказки: Лосев Андрей Валерьевич
2026-01-28 17:51:50,415 [INFO] Документ найден: id=dfcc0ce3-ec25-47fb-b43d-6995b040e1e5, name=Кореновск-1.pdf, sender=Лосев Андрей Валерьевич, date=2026-01-26, summ=None, summ_nds=None, status=False
2026-01-28 17:51:50,893 [INFO] Документ найден: id=3c7b372a-7f58-4ae9-ab22-1f865e568f92, name=Счет на оплату № 20 от 26 января 2026 г.pdf, sender=Лосев Андрей Валерьевич, date=2026-01-26, summ=None, summ_nds=None, status=False
2026-01-28 17:51:50,893 [INFO] Обрабатываем строку #4 для ИНН 2376005772
2026-01-28 17:51:51,118 [INFO] Наводим курсор на отправителя для тултипа.
2026-01-28 17:51:51,636 [INFO] Получено имя отправителя из подсказки: Лосев Андрей Валерьевич
2026-01-28 17:51:52,467 [INFO] Обрабатываем строку #5 для ИНН 2376005772
2026-01-28 17:51:53,380 [INFO] Документ найден: id=3c7b372a-7f58-4ae9-ab22-1f865e568f92, name=Счет на оплату № 20 от 26 января 2026 г.pdf, sender=, date=2026-01-26, summ=None, summ_nds=None, status=False
2026-01-28 17:51:53,380 [INFO] Обрабатываем строку #6 для ИНН 2376005772
2026-01-28 17:51:53,586 [INFO] Наводим курсор на отправителя для тултипа.
2026-01-28 17:51:54,140 [INFO] Получено имя отправителя из подсказки: Общество с ограниченной ответственностью "Содействие"
2026-01-28 17:51:54,968 [INFO] Документ найден: id=d41de8b1-90bb-4a62-9762-5f09f6cccbe8, name=УПД №5033 от 31.12.25, sender=Общество с ограниченной ответственностью "Содействие", date=2026-01-26, summ=None, summ_nds=None, status=False
2026-01-28 17:51:54,969 [INFO] Обрабатываем строку #7 для ИНН 2376005772
2026-01-28 17:51:55,190 [INFO] Наводим курсор на отправителя для тултипа.
2026-01-28 17:51:55,735 [INFO] Получено имя отправителя из подсказки: Общество с ограниченной ответственностью "Содействие"
2026-01-28 17:51:56,697 [INFO] Обрабатываем строку #8 для ИНН 2376005772
2026-01-28 17:51:56,978 [INFO] Наводим курсор на отправителя для тултипа.
2026-01-28 17:51:57,599 [INFO] Получено имя отправителя из подсказки: Общество с ограниченной ответственностью "Содействие"
2026-01-28 17:51:58,544 [INFO] Документ найден: id=e6a0f747-62d2-4cc9-bf3a-4b6285582f16, name=УПД №4880 от 31.12.25, sender=Общество с ограниченной ответственностью "Содействие", date=2026-01-26, summ=None, summ_nds=None, status=False
2026-01-28 17:51:58,544 [INFO] Обрабатываем строку #9 для ИНН 2376005772
2026-01-28 17:51:58,767 [INFO] Наводим курсор на отправителя для тултипа.
2026-01-28 17:51:59,297 [INFO] Получено имя отправителя из подсказки: Общество с ограниченной ответственностью "Содействие"
2026-01-28 17:52:00,715 [INFO] Обрабатываем строку #10 для ИНН 2376005772
2026-01-28 17:52:00,938 [INFO] Наводим курсор на отправителя для тултипа.
2026-01-28 17:52:01,470 [INFO] Получено имя отправителя из подсказки: Кайсарова Мария Ильинична
2026-01-28 17:52:02,367 [INFO] Документ найден: id=b9c844c8-e61c-4765-8589-426aed2383b7, name=Акт №109 от 14.01.26, sender=Кайсарова Мария Ильинична, date=2026-01-26, summ=None, summ_nds=None, status=True
2026-01-28 17:52:02,367 [INFO] Обрабатываем строку #11 для ИНН 2376005772
2026-01-28 17:52:02,583 [INFO] Наводим курсор на отправителя для тултипа.
2026-01-28 17:52:03,128 [INFO] Получено имя отправителя из подсказки: Кайсарова Мария Ильинична
2026-01-28 17:52:03,950 [INFO] Обрабатываем строку #12 для ИНН 2376005772
2026-01-28 17:52:04,172 [INFO] Наводим курсор на отправителя для тултипа.
2026-01-28 17:52:04,687 [INFO] Получено имя отправителя из подсказки: Общество с ограниченной ответственностью "ИСТ-ВЕСТ ЛОДЖИСТИКС"
2026-01-28 17:52:05,560 [INFO] Документ найден: id=11721764-fa0b-48e2-bb7d-80ee30f4f32c, name=УПД №1000043623 от 26.01.26, sender=Общество с ограниченной ответственностью "ИСТ-ВЕСТ ЛОДЖИСТИКС", date=2026-01-26, summ=None, summ_nds=1000043623.0, status=False
2026-01-28 17:52:05,560 [INFO] Обрабатываем строку #13 для ИНН 2376005772
2026-01-28 17:52:05,776 [INFO] Наводим курсор на отправителя для тултипа.
2026-01-28 17:52:06,363 [INFO] Получено имя отправителя из подсказки: Общество с ограниченной ответственностью "ИСТ-ВЕСТ ЛОДЖИСТИКС"
2026-01-28 17:52:07,154 [INFO] Обрабатываем строку #14 для ИНН 2376005772
2026-01-28 17:52:07,380 [INFO] Наводим курсор на отправителя для тултипа.
2026-01-28 17:52:07,909 [INFO] Получено имя отправителя из подсказки: Общество с ограниченной ответственностью "ИНТЕРНЕТ РЕШЕНИЯ"
2026-01-28 17:52:09,394 [INFO] Документ найден: id=4e7e319f-63ec-4b6c-b4a8-0c07ccd4c872, name=Акт сверки 258392.XLS, sender=Общество с ограниченной ответственностью "ИНТЕРНЕТ РЕШЕНИЯ", date=2026-01-24, summ=None, summ_nds=None, status=False
2026-01-28 17:52:09,394 [INFO] Обрабатываем строку #15 для ИНН 2376005772
2026-01-28 17:52:09,623 [INFO] Наводим курсор на отправителя для тултипа.
2026-01-28 17:52:10,172 [INFO] Получено имя отправителя из подсказки: Общество с ограниченной ответственностью "ИНТЕРНЕТ РЕШЕНИЯ"
2026-01-28 17:52:11,071 [INFO] Обрабатываем строку #16 для ИНН 2376005772
2026-01-28 17:52:11,298 [INFO] Наводим курсор на отправителя для тултипа.
2026-01-28 17:52:11,825 [INFO] Получено имя отправителя из подсказки: Зархош-Оглы Баги Хизирович
2026-01-28 17:52:12,755 [INFO] Документ найден: id=d66f6775-f09a-4c43-a5f0-1ff11bd7a323, name=УПД №73 от 23 января 2026 г.pdf, sender=Зархош-Оглы Баги Хизирович, date=2026-01-23, summ=None, summ_nds=None, status=False
2026-01-28 17:52:13,247 [INFO] Документ найден: id=7a121843-9a3a-4897-bcbe-bb29764ae6d5, name=Счет на оплату № 73 от 23 января 2026 г.pdf, sender=Зархош-Оглы Баги Хизирович, date=2026-01-23, summ=None, summ_nds=None, status=False
2026-01-28 17:52:13,247 [INFO] Обрабатываем строку #17 для ИНН 2376005772
2026-01-28 17:52:13,507 [INFO] Наводим курсор на отправителя для тултипа.
2026-01-28 17:52:14,018 [INFO] Получено имя отправителя из подсказки: Зархош-Оглы Баги Хизирович
2026-01-28 17:52:14,805 [INFO] Обрабатываем строку #18 для ИНН 2376005772
2026-01-28 17:52:15,615 [INFO] Документ найден: id=7a121843-9a3a-4897-bcbe-bb29764ae6d5, name=Счет на оплату № 73 от 23 января 2026 г.pdf, sender=, date=2026-01-23, summ=None, summ_nds=None, status=False
2026-01-28 17:52:15,615 [INFO] Обрабатываем строку #19 для ИНН 2376005772
2026-01-28 17:52:15,838 [INFO] Наводим курсор на отправителя для тултипа.
2026-01-28 17:52:16,363 [INFO] Получено имя отправителя из подсказки: Зархош-Оглы Баги Хизирович
2026-01-28 17:52:17,333 [INFO] Документ найден: id=b891b9f7-8592-43b6-9002-9126e51af7e3, name=Счет на оплату № 62 от 20 января 2026 г.pdf, sender=Зархош-Оглы Баги Хизирович, date=2026-01-23, summ=None, summ_nds=None, status=True
2026-01-28 17:52:17,802 [INFO] Документ найден: id=cd5d814a-1298-4e48-8436-edae05384016, name=УПД №62 от 20 января 2026 г.pdf, sender=Зархош-Оглы Баги Хизирович, date=2026-01-23, summ=None, summ_nds=None, status=True
2026-01-28 17:52:17,802 [INFO] Обрабатываем строку #20 для ИНН 2376005772
2026-01-28 17:52:18,008 [INFO] Наводим курсор на отправителя для тултипа.
2026-01-28 17:52:18,601 [INFO] Получено имя отправителя из подсказки: Зархош-Оглы Баги Хизирович
2026-01-28 17:52:19,762 [INFO] Обрабатываем строку #21 для ИНН 2376005772
2026-01-28 17:52:20,637 [INFO] Документ найден: id=cd5d814a-1298-4e48-8436-edae05384016, name=УПД №62 от 20 января 2026 г.pdf, sender=, date=2026-01-23, summ=None, summ_nds=None, status=True
2026-01-28 17:52:20,637 [INFO] Обрабатываем строку #22 для ИНН 2376005772
2026-01-28 17:52:20,861 [INFO] Наводим курсор на отправителя для тултипа.
2026-01-28 17:52:21,423 [INFO] Получено имя отправителя из подсказки: Общество с ограниченной ответственностью "Додо Франчайзинг"
2026-01-28 17:52:22,215 [INFO] Документ найден: id=e7187413-0d33-4e0a-b33e-f8dd7ebe8232, name=Акт сверки взаиморасчетов № 801 от 22 января 2026 г 2376005772-237301001.pdf, sender=Общество с ограниченной ответственностью "Додо Франчайзинг", date=2026-01-22, summ=None, summ_nds=None, status=False
2026-01-28 17:52:22,215 [INFO] Обрабатываем строку #23 для ИНН 2376005772
2026-01-28 17:52:22,424 [INFO] Наводим курсор на отправителя для тултипа.
2026-01-28 17:52:22,977 [INFO] Получено имя отправителя из подсказки: Общество с ограниченной ответственностью "Додо Франчайзинг"
2026-01-28 17:52:23,801 [INFO] Обрабатываем строку #24 для ИНН 2376005772
2026-01-28 17:52:24,018 [INFO] Наводим курсор на отправителя для тултипа.
2026-01-28 17:52:24,629 [INFO] Получено имя отправителя из подсказки: Общество с ограниченной ответственностью "Додо Франчайзинг"
2026-01-28 17:52:25,719 [INFO] Документ найден: id=69f9b615-1cc7-400e-97d3-fa048a8adcd3, name=УПД №85574 от 31.12.25, sender=Общество с ограниченной ответственностью "Додо Франчайзинг", date=2026-01-22, summ=None, summ_nds=85574.0, status=False
2026-01-28 17:52:25,719 [INFO] Обрабатываем строку #25 для ИНН 2376005772
2026-01-28 17:52:25,943 [INFO] Наводим курсор на отправителя для тултипа.
2026-01-28 17:52:26,534 [INFO] Получено имя отправителя из подсказки: Общество с ограниченной ответственностью "Додо Франчайзинг"
2026-01-28 17:52:27,270 [INFO] Обрабатываем строку #26 для ИНН 2376005772
2026-01-28 17:52:27,488 [INFO] Наводим курсор на отправителя для тултипа.
2026-01-28 17:52:28,016 [INFO] Получено имя отправителя из подсказки: Акционерное общество "Мобильные Видеорешения"
2026-01-28 17:52:28,903 [INFO] Документ найден: id=ee09a108-e75f-4ee2-bdb8-97421450d9ed, name=Акт сверки №3764 от 21.01.26, sender=Акционерное общество "Мобильные Видеорешения", date=2026-01-22, summ=None, summ_nds=None, status=False
2026-01-28 17:52:28,903 [INFO] Обрабатываем строку #27 для ИНН 2376005772
2026-01-28 17:52:29,132 [INFO] Наводим курсор на отправителя для тултипа.
2026-01-28 17:52:29,725 [INFO] Получено имя отправителя из подсказки: Акционерное общество "Мобильные Видеорешения"
2026-01-28 17:52:30,688 [INFO] Обрабатываем строку #28 для ИНН 2376005772
2026-01-28 17:52:30,903 [INFO] Наводим курсор на отправителя для тултипа.
2026-01-28 17:52:31,468 [INFO] Получено имя отправителя из подсказки: Общество с ограниченной ответственностью "КЕХ еКоммерц"
2026-01-28 17:52:32,487 [INFO] Документ найден: id=2307f974-9d22-4b4c-8dde-ab364d5f9621, name=Акт сверки №924150, sender=Общество с ограниченной ответственностью "КЕХ еКоммерц", date=2026-01-22, summ=None, summ_nds=None, status=False
2026-01-28 17:52:32,487 [INFO] Обрабатываем строку #29 для ИНН 2376005772
2026-01-28 17:52:32,709 [INFO] Наводим курсор на отправителя для тултипа.
2026-01-28 17:52:33,242 [INFO] Получено имя отправителя из подсказки: Общество с ограниченной ответственностью "КЕХ еКоммерц"
2026-01-28 17:52:34,111 [INFO] Обрабатываем строку #30 для ИНН 2376005772
2026-01-28 17:52:34,327 [INFO] Наводим курсор на отправителя для тултипа.
2026-01-28 17:52:34,879 [INFO] Получено имя отправителя из подсказки: Общество с ограниченной ответственностью "ИСТ-ВЕСТ ЛОДЖИСТИКС"
2026-01-28 17:52:35,752 [INFO] Документ найден: id=34ee3077-a5ef-4f63-ad23-4a7e271f7a27, name=УПД №1000037536 от 22.01.26, sender=Общество с ограниченной ответственностью "ИСТ-ВЕСТ ЛОДЖИСТИКС", date=2026-01-22, summ=None, summ_nds=1000037536.0, status=False
2026-01-28 17:52:35,753 [INFO] Обрабатываем строку #31 для ИНН 2376005772
2026-01-28 17:52:35,967 [INFO] Наводим курсор на отправителя для тултипа.
2026-01-28 17:52:36,552 [INFO] Получено имя отправителя из подсказки: Общество с ограниченной ответственностью "ИСТ-ВЕСТ ЛОДЖИСТИКС"
2026-01-28 17:52:37,283 [INFO] Обрабатываем строку #32 для ИНН 2376005772
2026-01-28 17:52:37,498 [INFO] Наводим курсор на отправителя для тултипа.
2026-01-28 17:52:38,025 [INFO] Получено имя отправителя из подсказки: Общество с ограниченной ответственностью "ИСТ-ВЕСТ ЛОДЖИСТИКС"
2026-01-28 17:52:38,767 [INFO] Документ найден: id=a88251db-a245-4fda-8386-a461b23fb36a, name=УПД №1000036851 от 22.01.26, sender=Общество с ограниченной ответственностью "ИСТ-ВЕСТ ЛОДЖИСТИКС", date=2026-01-22, summ=None, summ_nds=1000036851.0, status=False
2026-01-28 17:52:38,767 [INFO] Обрабатываем строку #33 для ИНН 2376005772
2026-01-28 17:52:38,984 [INFO] Наводим курсор на отправителя для тултипа.
2026-01-28 17:52:39,577 [INFO] Получено имя отправителя из подсказки: Общество с ограниченной ответственностью "ИСТ-ВЕСТ ЛОДЖИСТИКС"
2026-01-28 17:52:40,401 [INFO] Обрабатываем строку #34 для ИНН 2376005772
2026-01-28 17:52:40,622 [INFO] Наводим курсор на отправителя для тултипа.
2026-01-28 17:52:41,188 [INFO] Получено имя отправителя из подсказки: Общество с ограниченной ответственностью "ИСТ-ВЕСТ ЛОДЖИСТИКС"
2026-01-28 17:52:42,118 [INFO] Документ найден: id=57b00c27-dfe4-482c-8c46-0d1a0546685d, name=УПД №1000031638 от 19.01.26, sender=Общество с ограниченной ответственностью "ИСТ-ВЕСТ ЛОДЖИСТИКС", date=2026-01-19, summ=None, summ_nds=1000031638.0, status=True
2026-01-28 17:52:42,118 [INFO] Обрабатываем строку #35 для ИНН 2376005772
2026-01-28 17:52:42,324 [INFO] Наводим курсор на отправителя для тултипа.
2026-01-28 17:52:42,918 [INFO] Получено имя отправителя из подсказки: Общество с ограниченной ответственностью "ИСТ-ВЕСТ ЛОДЖИСТИКС"
2026-01-28 17:52:43,645 [INFO] Обрабатываем строку #36 для ИНН 2376005772
2026-01-28 17:52:43,897 [INFO] Наводим курсор на отправителя для тултипа.
2026-01-28 17:52:44,485 [INFO] Получено имя отправителя из подсказки: Биджева Умукусюм Магомедовна
2026-01-28 17:52:45,453 [INFO] Документ найден: id=e436f97a-7650-4eda-9c51-143e28fee320, name=Счет №16 от 29.12.25, sender=Биджева Умукусюм Магомедовна, date=2026-01-19, summ=None, summ_nds=None, status=False
2026-01-28 17:52:45,973 [INFO] Документ найден: id=61ab6e3a-3732-46d3-a06e-dd0812072afb, name=Акт №16 от 29.12.25, sender=Биджева Умукусюм Магомедовна, date=2026-01-19, summ=None, summ_nds=None, status=True
2026-01-28 17:52:45,973 [INFO] Обрабатываем строку #37 для ИНН 2376005772
2026-01-28 17:52:46,192 [INFO] Наводим курсор на отправителя для тултипа.
2026-01-28 17:52:46,756 [INFO] Получено имя отправителя из подсказки: Биджева Умукусюм Магомедовна
2026-01-28 17:52:47,622 [INFO] Обрабатываем строку #38 для ИНН 2376005772
2026-01-28 17:52:48,494 [INFO] Документ найден: id=61ab6e3a-3732-46d3-a06e-dd0812072afb, name=Акт №16 от 29.12.25, sender=, date=2026-01-19, summ=None, summ_nds=None, status=True
2026-01-28 17:52:48,494 [INFO] Обрабатываем строку #39 для ИНН 2376005772
2026-01-28 17:52:48,553 [INFO] Наводим курсор на отправителя для тултипа.
2026-01-28 17:52:49,078 [INFO] Получено имя отправителя из подсказки: Зархош-Оглы Баги Хизирович
2026-01-28 17:52:49,959 [INFO] Документ найден: id=1d4596d4-9b24-4c45-be50-306ef122cd44, name=Счет на оплату № 50 от 16 января 2026 г.pdf, sender=Зархош-Оглы Баги Хизирович, date=2026-01-19, summ=None, summ_nds=None, status=True
2026-01-28 17:52:50,436 [INFO] Документ найден: id=531ccf29-7eb4-4287-8382-bd1c7c210572, name=УПД №50 от 16 января 2026 г.pdf, sender=Зархош-Оглы Баги Хизирович, date=2026-01-19, summ=None, summ_nds=None, status=True
2026-01-28 17:52:50,436 [INFO] Обрабатываем строку #40 для ИНН 2376005772
2026-01-28 17:52:50,661 [INFO] Наводим курсор на отправителя для тултипа.
2026-01-28 17:52:51,234 [INFO] Получено имя отправителя из подсказки: Зархош-Оглы Баги Хизирович
2026-01-28 17:52:52,180 [INFO] Обрабатываем строку #41 для ИНН 2376005772
2026-01-28 17:52:52,993 [INFO] Документ найден: id=531ccf29-7eb4-4287-8382-bd1c7c210572, name=УПД №50 от 16 января 2026 г.pdf, sender=, date=2026-01-19, summ=None, summ_nds=None, status=True
2026-01-28 17:52:52,993 [INFO] Обрабатываем строку #42 для ИНН 2376005772
2026-01-28 17:52:53,205 [INFO] Наводим курсор на отправителя для тултипа.
2026-01-28 17:52:53,768 [INFO] Получено имя отправителя из подсказки: Общество с ограниченной ответственностью "Хэдхантер"
2026-01-28 17:52:54,555 [INFO] Документ найден: id=dfb34b69-5150-47dd-8b7d-9e3c12bd8120, name=Акт сверки №00000494795 от 18.01.26, sender=Общество с ограниченной ответственностью "Хэдхантер", date=2026-01-18, summ=None, summ_nds=None, status=False
2026-01-28 17:52:54,555 [INFO] Обрабатываем строку #43 для ИНН 2376005772
2026-01-28 17:52:54,769 [INFO] Наводим курсор на отправителя для тултипа.
2026-01-28 17:52:55,332 [INFO] Получено имя отправителя из подсказки: Общество с ограниченной ответственностью "Хэдхантер"
2026-01-28 17:52:56,235 [INFO] Обрабатываем строку #44 для ИНН 2376005772
2026-01-28 17:52:56,451 [INFO] Наводим курсор на отправителя для тултипа.
2026-01-28 17:52:56,963 [INFO] Получено имя отправителя из подсказки: ООО "Мултон Партнерс"
2026-01-28 17:52:57,890 [INFO] Документ найден: id=8aa80a46-8a97-4bb0-bcee-edf1bbc1cc51, name=УПД №3654112196/38J3 от 16.01.26, sender=ООО "Мултон Партнерс", date=2026-01-16, summ=None, summ_nds=3654112196.0, status=False
2026-01-28 17:52:57,890 [INFO] Обрабатываем строку #45 для ИНН 2376005772
2026-01-28 17:52:58,100 [INFO] Наводим курсор на отправителя для тултипа.
2026-01-28 17:52:58,682 [INFO] Получено имя отправителя из подсказки: ООО "Мултон Партнерс"
2026-01-28 17:52:59,418 [INFO] Обрабатываем строку #46 для ИНН 2376005772
2026-01-28 17:52:59,630 [INFO] Наводим курсор на отправителя для тултипа.
2026-01-28 17:53:00,152 [INFO] Получено имя отправителя из подсказки: Общество с ограниченной ответственностью "ИСТ-ВЕСТ ЛОДЖИСТИКС"
2026-01-28 17:53:00,964 [INFO] Документ найден: id=45c5f258-0959-4eac-aa4e-fe5796c8684f, name=2000_1000023200_2376005772_01102025_31122025ООО _Кореновск-1_.pdf, sender=Общество с ограниченной ответственностью "ИСТ-ВЕСТ ЛОДЖИСТИКС", date=2026-01-16, summ=None, summ_nds=None, status=False
2026-01-28 17:53:00,964 [INFO] Обрабатываем строку #47 для ИНН 2376005772
2026-01-28 17:53:01,170 [INFO] Наводим курсор на отправителя для тултипа.
2026-01-28 17:53:01,707 [INFO] Получено имя отправителя из подсказки: Общество с ограниченной ответственностью "ИСТ-ВЕСТ ЛОДЖИСТИКС"
2026-01-28 17:53:02,579 [INFO] Обрабатываем строку #48 для ИНН 2376005772
2026-01-28 17:53:02,787 [INFO] Наводим курсор на отправителя для тултипа.
2026-01-28 17:53:03,294 [INFO] Получено имя отправителя из подсказки: Общество с ограниченной ответственностью "Содействие"
2026-01-28 17:53:04,090 [INFO] Документ найден: id=fb4d2f39-94a3-4497-9363-f9f49cf2831f, name=УПД №125 от 31.01.25, sender=Общество с ограниченной ответственностью "Содействие", date=2026-01-16, summ=None, summ_nds=None, status=False
2026-01-28 17:53:04,091 [INFO] Обрабатываем строку #49 для ИНН 2376005772
2026-01-28 17:53:04,311 [INFO] Наводим курсор на отправителя для тултипа.
2026-01-28 17:53:04,838 [INFO] Получено имя отправителя из подсказки: Общество с ограниченной ответственностью "Содействие"
2026-01-28 17:53:05,637 [INFO] Обрабатываем строку #50 для ИНН 2376005772
2026-01-28 17:53:05,867 [INFO] Наводим курсор на отправителя для тултипа.
2026-01-28 17:53:06,431 [INFO] Получено имя отправителя из подсказки: Общество с ограниченной ответственностью "Содействие"
2026-01-28 17:53:07,780 [INFO] Остановка по запросу пользователя.
